Workbook
Name Fragancias_Bebés_y_niños: Listas!$P$2:$P$5
Name Maquillaje: Listas!$F$2:$F$6
Name SECCIONES: Listas!$A$2:$A$3
Name Limpieza_del_hogar_Ropa: Listas!$AG$2:$AG$3
Name Fragancias_Masculinos: Listas!$O$2:$O$6
Name Limpieza_del_hogar_Cocina: Listas!$AC$2:$AC$4
Name Ofertas: Listas!$C$2:$C$7
Name Niños_y_Bebés_Capilares: Listas!$AB$2:$AB$4
Name Fragancias: Listas!$E$2:$E$4
Name Maquillaje_Ojos: Listas!$R$2:$R$6
Name Niños_y_Bebés_Cuidado_materno: Listas!$AA$2:$AA$3
Name Cuidado_Personal_Higiene_Corporal: Listas!$W$2:$W$7
Name CATEGORIAS: Listas!$B$2:$B$10
Name Limpieza_del_hogar: Listas!$I$2:$I$10
Name Fragancias_Femeninas: Listas!$N$2:$N$6
Name Limpieza_del_hogar_Calzado: Listas!$AH$2:$AH$3
Name Maquillaje_Rostro: Listas!$S$2:$S$9
Name Dermocosmetica_Cuidado_Corporal: Listas!$L$2:$L$6
Name Limpieza_del_hogar_Desodorante_de_Ambiente: Listas!$AI$2:$AI$3
Name Electro_belleza: Listas!$J$2:$J$7
Name Dermocosmetica: Listas!$D$2:$D$4
Name Limpieza_del_hogar_Papeles: Listas!$AJ$2:$AJ$5
Name Limpieza_del_hogar_Baño: Listas!$AD$2:$AD$3
Name Maquillaje_Accesorios: Listas!$U$2:$U$3
Name Dermocosmetica_Solares: Listas!$M$2:$M$6
Name Niños_y_Bebés_Higiene_del_Bebe: Listas!$Z$2:$Z$4
Name Dermocosmetica_Cuidado_facial: Listas!$K$2:$K$8
Name COLORES: Listas!$AL$2:$AL$21
Name Cuidado_Personal: Listas!$G$2:$G$6
Name Cuidado_Personal_Cuidado_Intimo: Listas!$Y$2:$Y$5
Name Limpieza_del_hogar_Accesorios_de_Limpieza: Listas!$AK$2:$AK$7
Name Maquillaje_Uñas: Listas!$T$2:$T$4
Name Limpieza_del_hogar_Pisos_y_Muebles: Listas!$AE$2:$AE$6
Name Limpieza_del_hogar_Insecticida_y_Repelentes: Listas!$AF$2:$AF$4
Name Cuidado_Personal_Cuidado_Capilar: Listas!$V$2:$V$7
Name Cuidado_Personal_Higiene_Oral: Listas!$X$2:$X$5
Name Maquillaje_Labios: Listas!$Q$2:$Q$6
Name Niños_y_Bebés: Listas!$H$2:$H$11

Sheet Listas
A1: _SECCIONES | B1: _CATEGORIAS | C1: _Ofertas | D1: _Dermocosmetica | E1: _Fragancias | F1: _Maquillaje | G1: _Cuidado Personal | H1: _Niños y Bebés | I1: _Limpieza del hogar | J1: _Electro belleza | K1: _Dermocosmetica_Cuidado facial | L1: _Dermocosmetica_Cuidado Corporal | M1: _Dermocosmetica_Solares | N1: _Fragancias_Femeninas | O1: _Fragancias_Masculinos | P1: _Fragancias_Bebés y niños | Q1: _Maquillaje_Labios | R1: _Maquillaje_Ojos | S1: _Maquillaje_Rostro | T1: _Maquillaje_Uñas | U1: _Maquillaje_Accesorios | V1: _Cuidado Personal_Cuidado Capilar | W1: _Cuidado Personal_Higiene Corporal | X1: _Cuidado Personal_Higiene Oral | Y1: _Cuidado Personal_Cuidado Intimo | Z1: _Niños y Bebés_Higiene del Bebe | AA1: _Niños y Bebés_Cuidado materno | AB1: _Niños y Bebés_Capilares | AC1: _Limpieza del hogar_Cocina | AD1: _Limpieza del hogar_Baño | AE1: _Limpieza del hogar_Pisos y Muebles | AF1: _Limpieza del hogar_Insecticida y Repelentes | AG1: _Limpieza del hogar_Ropa | AH1: _Limpieza del hogar_Calzado | AI1: _Limpieza del hogar_Desodorante de Ambiente | AJ1: _Limpieza del hogar_Papeles | AK1: _Limpieza del hogar_Accesorios de Limpieza | AL1: _COLORES
A2: Perfumería | B2: Ofertas | C2: Fragancias | D2: Cuidado facial | E2: Femeninas | F2: Labios | G2: Cuidado Capilar | H2: Pañales | I2: Cocina | J2: Maquinas de Corte Cabello y Barba | K2: Limpieza facial | L2: Cremas Corporales | M2: Faciales | N2: Premium | O2: Premium | P2: Premium | Q2: Labiales Liquidos | R2: Mascaras de pestañas | S2: Bases de Maquillaje | T2: Esmaltes | U2: Brochas y Pinceles | V2: Shampoo | W2: Desodorantes | X2: Pastas Dentales | Y2: Toallitas | Z2: Toallas humedas | AA2: Protectores Mamarios | AB2: Shampoo | AC2: Detergentes | AD2: Desinfectantes | AE2: Lavandina | AF2: Aerosoles | AG2: Jabones Liquidos | AH2: Brillos Limpiadores | AI2: Aromatizantes | AJ2: Pañuelos | AK2: Mopas | AL2: Blanco
A3: Hogar | B3: Dermocosmetica | C3: Maquillaje | D3: Cuidado Corporal | E3: Masculinos | F3: Ojos | G3: Higiene Corporal | H3: Higiene del Bebe | I3: Baño | J3: Planchas y Rizadores | K3: Exfoliantes y Mascarillas | L3: Cremas de manos | M3: Corporales | N3: Sets | O3: Sets | P3: Sets | Q3: Labiales en Barra | R3: Sombras | S3: Correctores de Ojeras | T3: Quita esmaltes | U3: Esponjas | V3: Acondicionadores | W3: Depilacion | X3: Cepillos de dientes | Y3: Protectores diarios | Z3: Oleos y algodón | AA3: Cuidado de piel | AB3: Acondicionadores | AC3: Lava Vajillas | AD3: Pastillas de inodoro | AE3: Desinfectantes | AF3: Repelentes | AG3: Suavizantes | AH3: Pomadas | AI3: Desinfectantes | AJ3: Papel Higienico | AK3: Escobas | AL3: Negro
B4: Fragancias | C4: Dermocosmetica | D4: Solares | E4: Bebés y niños | F4: Rostro | G4: Higiene Oral | H4: Jabones | I4: Pisos y Muebles | J4: Secadores de Pelo | K4: Tónicos | L4: Cremas para masajes | M4: Autobronceantes | N4: Semi selectivos | O4: Semi selectivos | P4: Nacionales | Q4: Bálsamos Labiales | R4: Delineadores en Lapiz | S4: Polvos | T4: Tratamientos | V4: Tratamientos Capilares | W4: Afeitado | X4: Hilos dentales | Y4: Salud intima | Z4: Talcos y Aceites | AB4: Tratamientos | AC4: Limpieza de Superficies | AE4: Aromatizantes | AF4: Aparatos y cebos | AJ4: Rollos de Cocina | AK4: Esponjas | AL4: Gris
B5: Maquillaje | C5: Cuidado Personal | F5: Uñas | G5: Cuidado Intimo | H5: Colonias | I5: Insecticida y Repelentes | J5: Depilación | K5: Cremas Faciales | L5: Exfoliantes | M5: Post Solares | N5: Nacionales | O5: Nacionales | P5: Body Splash y Colonias | Q5: Brillos Labiales | R5: Delineadores Liquidos | S5: Bronzer | V5: Coloración | W5: Jabones de Tocador | X5: Enjuagues bucales | Y5: Incontinencia | AE5: Lustramuebles | AJ5: Servilletas | AK5: Guantes | AL5: Rojo
B6: Cuidado Personal | C6: Bebés y niños | F6: Accesorios | G6: Accesorios | H6: Fragancias | I6: Ropa | J6: Masajeadores | K6: Serums | L6: Accesorios | M6: Accesorios | N6: Body Splash y Colonias | O6: Body Splash y Colonias | Q6: Delineadores | R6: Cejas | S6: Iluminadores | V6: Gel y Fijadores | W6: Algodones e hisopos | AE6: Ceras y Autobrillos | AK6: Palas y Cabos | AL6: Rosa
B7: Niños y Bebés | C7: Limpieza del hogar | H7: Desodorantes | I7: Calzado | J7: Cabinas y Tornos de Uñas | K7: Contornos de ojos y labios | S7: Rubores | V7: Cepillos y Peines | W7: Talcos | AK7: Trapos de Piso y Paños Multiuso | AL7: Fucsia
B8: Limpieza del hogar | H8: Cuidado materno | I8: Desodorante de Ambiente | K8: Accesorios | S8: Fijadores | AL8: Nude
B9: Electro belleza | H9: Cremas y cepillos dentales | I9: Papeles | S9: Primer | AL9: Beige
B10: Lanzamientos | H10: Solares | I10: Accesorios de Limpieza | AL10: Marrón
H11: Capilares | AL11: Azul
AL12: Celeste
AL13: Verde
AL14: Amarillo
AL15: Naranja
AL16: Violeta
AL17: Lila
AL18: Dorado
AL19: Plateado
AL20: Cobre
AL21: Transparente

Sheet 📦 Productos
A1: 📦 MARYBE — Exportación de Productos (17/7/2026)
A2: ⚠ Exportación generada el 17/7/2026, 06:35:10 — 218 productos. Las columnas Sección, Categoría, Subcategoría y Tipo tienen listas desplegables en cascada.
A3: ID Original * | B3: SKU / EAN | C3: Nombre * | D3: Marca | E3: Sección * | F3: Categoría | G3: Subcategoría | H3: Tipo | I3: Descripción | J3: Especificaciones | K3: Proveedor | L3: Publicado | M3: Destacado | N3: Stock | O3: Características | P3: Precio * | Q3: Precio Oferta | R3: % Descuento 🔒
A4: 4752 | B4: 3274872495852 | C4: KENZO INDIGO POUR HOMME EDP | D4: Kenzo | E4: Perfumería | F4: Fragancias | I4: KENZO INDIGO POUR HOMME EDP | J4: Inspirado en las tradiciones japonesas, en particular el teñido indigo. Encarna el encuentro entre la sensualidad del iris, la vivacidad del acorde marino y la calidez del cuero. Creada por Quentin Bisch, esta fragancia te transporta a costas inexploradas. Reinventa el acorde marino característico de la gama, añadiendo un corazón de iris con facetas cremosas, amaderadas y almizcladas, tan seductor como el aroma de la piel que emerge del agua. En la base, un acorde de cuero con acentos casi ahumados refuerza la sensualidad del aroma con el poder de la madera de Akigala y el sándalo. | L4: FALSE | M4: TRUE | N4: 0 | O4: ARS | R4: =IF(AND(P4>0,Q4>0),ROUND((1-Q4/P4)*100,0),0) -> 0 | AA4: =SUBSTITUTE(F4, " ", "_") -> Fragancias | AB4: =SUBSTITUTE(F4&"_"&G4, " ", "_") -> Fragancias_
A5: 4754 | B5: 3274872357129 | C5: KENZO AQUA FEMME EDT | D5: Kenzo | E5: Perfumería | F5: Fragancias | I5: KENZO AQUA FEMME EDT | J5: Notas de salida: Hojas de frambuesa, mandarina y limón. | L5: FALSE | M5: TRUE | N5: 0 | O5: ARS | R5: =IF(AND(P5>0,Q5>0),ROUND((1-Q5/P5)*100,0),0) -> 0 | AA5: =SUBSTITUTE(F5, " ", "_") -> Fragancias | AB5: =SUBSTITUTE(F5&"_"&G5, " ", "_") -> Fragancias_
A6: 4755 | B6: 3274872357228 | C6: KENZO AQUA HOMME EDT | D6: Kenzo | E6: Perfumería | F6: Fragancias | I6: KENZO AQUA HOMME EDT | J6: Fragancia de la familia olfativa Aromática Acuática . Se lanzó en 2018. Creada por Ane Ayo y Philippe Romano. Notas de Salida : manzana, pimienta rosa y bergamota; Notas de Corazón : avellana, notas acuáticas, notas verdes y sésamo (ajonjolí); Notas de Fondo: haba tonka, sándalo, cedro, vainilla, ámbar y almizcle. | L6: FALSE | M6: TRUE | N6: 0 | O6: ARS | R6: =IF(AND(P6>0,Q6>0),ROUND((1-Q6/P6)*100,0),0) -> 0 | AA6: =SUBSTITUTE(F6, " ", "_") -> Fragancias | AB6: =SUBSTITUTE(F6&"_"&G6, " ", "_") -> Fragancias_
A7: 4756 | B7: 3274872430587 | C7: KENZO D ETE | D7: Kenzo | E7: Perfumería | F7: Fragancias | I7: KENZO D ETE | J7: Familia olfativa Floral Verde. Se lanzó en 2002. La Nariz detrás de esta fragrancia es Antoine Lie. Notas de Salida : lirio de los valles (muguete) y notas verdes; Notas de Corazón : jacinto, jazmín y peonía; Notas de Fondo :almizcle blanco y sándalo. | L7: FALSE | M7: TRUE | N7: 0 | O7: ARS | R7: =IF(AND(P7>0,Q7>0),ROUND((1-Q7/P7)*100,0),0) -> 0 | AA7: =SUBSTITUTE(F7, " ", "_") -> Fragancias | AB7: =SUBSTITUTE(F7&"_"&G7, " ", "_") -> Fragancias_
A8: 4757 | B8: 3274872406216 | C8: KENZO FLOWER POPPY BOUQUET EDP | D8: Kenzo | E8: Perfumería | F8: Fragancias | I8: KENZO FLOWER POPPY BOUQUET EDP | J8: Familia olfativa Floral Se lanzó en 2020. Creada por Dora Baghriche y Alberto Morillas. Nota de Salida : Pera Nashi; Notas de Corazón :gardenia y rosa de Bulgaria (rosa Damascena de Bulgaria); Nota de Fondo : árbol del almendro. | L8: FALSE | M8: TRUE | N8: 0 | O8: ARS | R8: =IF(AND(P8>0,Q8>0),ROUND((1-Q8/P8)*100,0),0) -> 0 | AA8: =SUBSTITUTE(F8, " ", "_") -> Fragancias | AB8: =SUBSTITUTE(F8&"_"&G8, " ", "_") -> Fragancias_
A9: 4758 | B9: 3274872439603 | C9: KENZO FLOWER POPPY BOUQUET EDT | D9: Kenzo | E9: Perfumería | F9: Fragancias | I9: KENZO FLOWER POPPY BOUQUET EDT | J9: Una expresión joven, colorida y pop de la amapola emblemática, que se adorna con notas refrescantes y citricas. Un auténtico jugo que florece espontáneamente sobre la piel, como un bouquet de múltiples colores. Evoca un auténtico momento de felicidad. Una fusión donde la Almendra Verde y las Hojas de Té se despiertan con un trazo de Esencia de Mandarina. En corazón, encontramos una auténtica invasión floral de Jazmín Sambac, Gardenia Golden y Rosa Damascena. Por último, notas amaderadas de Pachulí y Cedro de Virginia, asociadas a Almizcles Blancos, firman este perfume de la sensualidad natural FLOWER BY KENZO. | L9: FALSE | M9: TRUE | N9: 0 | O9: ARS | R9: =IF(AND(P9>0,Q9>0),ROUND((1-Q9/P9)*100,0),0) -> 0 | AA9: =SUBSTITUTE(F9, " ", "_") -> Fragancias | AB9: =SUBSTITUTE(F9&"_"&G9, " ", "_") -> Fragancias_
A10: 4759 | B10: 3274872441798 | C10: KENZO FLOWER L ABSOLUE EDP | D10: Kenzo | E10: Perfumería | F10: Fragancias | I10: KENZO FLOWER L ABSOLUE EDP | J10: Fragancia de la familia olfativa Oriental Floral . Se lanzó en 2022. La Nariz detrás de esta fragrancia es Alberto Morillas. Nota de Salida : azafrán; Notas de Corazón : rosa de Damasco y flor de azahar del naranjo; lNotas de Fondo : vainilla y almizcle blanco. Fragancia con intensidad y personalidad . | L10: FALSE | M10: TRUE | N10: 0 | O10: ARS | R10: =IF(AND(P10>0,Q10>0),ROUND((1-Q10/P10)*100,0),0) -> 0 | AA10: =SUBSTITUTE(F10, " ", "_") -> Fragancias | AB10: =SUBSTITUTE(F10&"_"&G10, " ", "_") -> Fragancias_
A11: 4760 | B11: 3274872480452 | C11: KENZO FLOWER CHERRY POPPY EDP | D11: Kenzo | E11: Perfumería | F11: Fragancias | I11: KENZO FLOWER CHERRY POPPY EDP | J11: Una cautivadora mezcla de deliciosos sabores. Su composición está inspirada en el arte de la repostería japonesa. Posee un carácter sutil, a la vez que distintivo y delicado: tierno y ácido, con una estética alegre y notas delicadamente equilibradas. Un deleite para los sentidos, FLOWER CHERRY POPPY reinventa la fragancia gourmet con un irresistible aroma floral afrutado. La frescura de la cereza negra, despierta el paladar. Un corazón floral, rebosante de feminidad, combina esencias de rosa damascena y nenúfar. El fondo es una reconfortante mezcla de suave almizcle blanco y esencia de cedro de Virginia. Una estela inusual y sutilmente suculenta. Una creación única de Dora Baghriche, quien domina el arte de expresar texturas y emociones olfativas, combinando sabores y aromas para deleitar los sentidos. El legendario frasco de FLOWER está adornado con la amapola rosa y violeta de KENZO, y su corazón es una tentadora explosión de cereza. Un nuevo tipo de placer olfativo, una delicia indescriptible. Familia Olfativa: Floral Afrutada. Notas de Salida: Cereza Negra. Notas de Fondo: Almizcles blancos. Notas de Corazón: Rosa Damascena y acorde de Nenúfar. | L11: FALSE | M11: TRUE | N11: 0 | O11: ARS | R11: =IF(AND(P11>0,Q11>0),ROUND((1-Q11/P11)*100,0),0) -> 0 | AA11: =SUBSTITUTE(F11, " ", "_") -> Fragancias | AB11: =SUBSTITUTE(F11&"_"&G11, " ", "_") -> Fragancias_
A12: 4761 | B12: 3274872427204 | C12: KENZO FLOWER EDP X 100 ml (RECARGABLE) | D12: Kenzo | E12: Perfumería | F12: Fragancias | I12: KENZO FLOWER EDP X 100 ml (RECARGABLE) | J12: Fragancia de la familia olfativa Oriental Floral . Se lanzó en 2000. Creada por Alberto Morillas y Christian Dussoulier. Perfume icónico de la Maison Kenzo. Imprevisible, la amapola crece allí donde no se la espera: seduce a la ciudad y a sus habitantes. KENZO inventa el perfume de esta flor, inodora por esencia;. Introducida por las bayas rosas, sostenida por la rosa búlgara, envueta por la vainilla y almizcles blancos, un eau de parfum sensual y envolvente converida en un icono de la perfumería. Reconocible entre todos, el frasco de Flower By Kenzo Eau de Parfum es depurado con líneas curvas que ilustran el poder de la flor que se abre camino entre los edificios. | L12: FALSE | M12: TRUE | N12: 0 | O12: ARS | R12: =IF(AND(P12>0,Q12>0),ROUND((1-Q12/P12)*100,0),0) -> 0 | AA12: =SUBSTITUTE(F12, " ", "_") -> Fragancias | AB12: =SUBSTITUTE(F12&"_"&G12, " ", "_") -> Fragancias_
A13: 4762 | B13: 3274872454590 | C13: KENZO FLOWER EDP X 100 + CREMA CUERPO + CREMA MANOS | D13: Kenzo | E13: Perfumería | F13: Fragancias | I13: KENZO FLOWER EDP X 100 + CREMA CUERPO + CREMA MANOS | L13: FALSE | M13: TRUE | N13: 0 | O13: ARS | R13: =IF(AND(P13>0,Q13>0),ROUND((1-Q13/P13)*100,0),0) -> 0 | AA13: =SUBSTITUTE(F13, " ", "_") -> Fragancias | AB13: =SUBSTITUTE(F13&"_"&G13, " ", "_") -> Fragancias_
A14: 4763 | B14: 3274872481336 | C14: KENZO FLOWER EDP X 100 + CREMA CUERPO + EDP | D14: Kenzo | E14: Perfumería | F14: Fragancias | I14: KENZO FLOWER EDP X 100 + CREMA CUERPO + EDP | L14: FALSE | M14: TRUE | N14: 0 | O14: ARS | R14: =IF(AND(P14>0,Q14>0),ROUND((1-Q14/P14)*100,0),0) -> 0 | AA14: =SUBSTITUTE(F14, " ", "_") -> Fragancias | AB14: =SUBSTITUTE(F14&"_"&G14, " ", "_") -> Fragancias_
A15: 4764 | B15: 3274872427211 | C15: KENZO FLOWER EDP X 200 ml TUBO RECARGA | D15: Kenzo | E15: Perfumería | F15: Fragancias | I15: KENZO FLOWER EDP X 200 ml TUBO RECARGA | L15: FALSE | M15: TRUE | N15: 0 | O15: ARS | R15: =IF(AND(P15>0,Q15>0),ROUND((1-Q15/P15)*100,0),0) -> 0 | AA15: =SUBSTITUTE(F15, " ", "_") -> Fragancias | AB15: =SUBSTITUTE(F15&"_"&G15, " ", "_") -> Fragancias_
A16: 4765 | B16: 3274872404175 | C16: KENZO FLOWER EDP | D16: Kenzo | E16: Perfumería | F16: Fragancias | I16: KENZO FLOWER EDP | L16: FALSE | M16: TRUE | N16: 0 | O16: ARS | R16: =IF(AND(P16>0,Q16>0),ROUND((1-Q16/P16)*100,0),0) -> 0 | AA16: =SUBSTITUTE(F16, " ", "_") -> Fragancias | AB16: =SUBSTITUTE(F16&"_"&G16, " ", "_") -> Fragancias_
A17: 4766 | B17: 3274872497733 | C17: KENZO FLOWER EDP X 50 ml + CREMA CUERPO + EDP | D17: Kenzo | E17: Perfumería | F17: Fragancias | I17: KENZO FLOWER EDP X 50 ml + CREMA CUERPO + EDP | L17: FALSE | M17: TRUE | N17: 0 | O17: ARS | R17: =IF(AND(P17>0,Q17>0),ROUND((1-Q17/P17)*100,0),0) -> 0 | AA17: =SUBSTITUTE(F17, " ", "_") -> Fragancias | AB17: =SUBSTITUTE(F17&"_"&G17, " ", "_") -> Fragancias_
A18: 4767 | B18: 3274872420359 | C18: KENZO FLOWER EDT | D18: Kenzo | E18: Perfumería | F18: Fragancias | I18: KENZO FLOWER EDT | J18: Fragancia de la familia olfativa Oriental Floral . Se lanzó en 2021. La Nariz detrás de esta fragrancia es Alberto Morillas. Notas de Salida : limón siciliano (lima siciliana), jengibre, mandarina y lichi; Notas de Corazón: manzanilla, rosa de Damasco, agua de rosas y mimosa; Notas de Fondo :son almizcle blanco, vainilla de Madagascar, ámbar y pachulí.Aroma fresco y agradable , muy femenino , | L18: FALSE | M18: TRUE | N18: 0 | O18: ARS | R18: =IF(AND(P18>0,Q18>0),ROUND((1-Q18/P18)*100,0),0) -> 0 | AA18: =SUBSTITUTE(F18, " ", "_") -> Fragancias | AB18: =SUBSTITUTE(F18&"_"&G18, " ", "_") -> Fragancias_
A19: 4768 | B19: 3274872469365 | C19: KENZO FLOWER IKEBANA MIMOSA EDP | D19: Kenzo | E19: Perfumería | F19: Fragancias | I19: KENZO FLOWER IKEBANA MIMOSA EDP | J19: Un homenaje al amor de Kenzo Takada por las flores y el arte de vivir. Sumergite en el cálido abrazo de un rayo de sol El nuevo ramo de sol floreciente. El absoluto de mimosa, en el corazón de la fragancia, ofrece una expresión aterciopelada y floral única. En las notas de fondo, la verticalidad de la madera de hinoki sostiene toda la composición, con extracto de sésamo dorado. Este Eau de Parfum, compuesto por un 91% de ingredientes de origen natural*, combina la más alta calidad de la mimosa con materias primas excepcionales. | L19: FALSE | M19: TRUE | N19: 0 | O19: ARS | R19: =IF(AND(P19>0,Q19>0),ROUND((1-Q19/P19)*100,0),0) -> 0 | AA19: =SUBSTITUTE(F19, " ", "_") -> Fragancias | AB19: =SUBSTITUTE(F19&"_"&G19, " ", "_") -> Fragancias_
A20: 4769 | B20: 3274872454460 | C20: KENZO FLOWER IKEBANA EDP | D20: Kenzo | E20: Perfumería | F20: Fragancias | I20: KENZO FLOWER IKEBANA EDP | J20: Un homenaje al amor de Kenzo Takada por las flores y por el arte de vivir. Una encrucijada de dos estéticas: la composición floral y la creatividad olfativa. La perfumista Alexandra Monet y el maestro perfumista Alberto Morillas han escrito este capítulo perfumado en la historia de Flower by Kenzo. Un equilibrio que descansa sobre tres notas: Té Sobacha con sus acentos tostados, delicada flor de Sakura realzado por el absoluto de nardo de la India y la preciada calidez de esencia de sándalo australiano. . Familia Olfativa: Floral Amaderada. Notas de fondo: Esencia de Sándalo Australiano, Esencia de Cedro y Esencia de Vetiver. Notas de corazón: Flor de Sakura y Absoluto de Tuberosa de la India Notas de salida: Té de Sobacha. | L20: FALSE | M20: TRUE | N20: 0 | O20: ARS | R20: =IF(AND(P20>0,Q20>0),ROUND((1-Q20/P20)*100,0),0) -> 0 | AA20: =SUBSTITUTE(F20, " ", "_") -> Fragancias | AB20: =SUBSTITUTE(F20&"_"&G20, " ", "_") -> Fragancias_
A21: 4770 | B21: 3274872464117 | C21: KENZO FLOWER IKEBANA EDP X 75 ml + EDP | D21: Kenzo | E21: Perfumería | F21: Fragancias | I21: KENZO FLOWER IKEBANA EDP X 75 ml + EDP | L21: FALSE | M21: TRUE | N21: 0 | O21: ARS | R21: =IF(AND(P21>0,Q21>0),ROUND((1-Q21/P21)*100,0),0) -> 0 | AA21: =SUBSTITUTE(F21, " ", "_") -> Fragancias | AB21: =SUBSTITUTE(F21&"_"&G21, " ", "_") -> Fragancias_
A22: 4771 | B22: 3274872467552 | C22: KENZO FLOWER IKEBANA EDP X 75 ml + CREMA CUERPO + EDP | D22: Kenzo | E22: Perfumería | F22: Fragancias | I22: KENZO FLOWER IKEBANA EDP X 75 ml + CREMA CUERPO + EDP | L22: FALSE | M22: TRUE | N22: 0 | O22: ARS | R22: =IF(AND(P22>0,Q22>0),ROUND((1-Q22/P22)*100,0),0) -> 0 | AA22: =SUBSTITUTE(F22, " ", "_") -> Fragancias | AB22: =SUBSTITUTE(F22&"_"&G22, " ", "_") -> Fragancias_
A23: 4772 | B23: 3274872480711 | C23: KENZO FLOWER IKEBANA INDIGO EDP | D23: Kenzo | E23: Perfumería | F23: Fragancias | I23: KENZO FLOWER IKEBANA INDIGO EDP | J23: Fragancia con una composicion floral ambarina realzada por ligeros tonos minerales. Kenzo rinde homenaje al color mas emblematico de Japon, el azul indigo, tambien conocido como azul japones, . Para este Eau de Parfum, los perfumistas Ane Ayo y Florian Gallo capturaron la esencia del azul japones utiizando Iris En el corazon de esta fragancia, el Iris, el oro azul de la perfumeria, despliega su poder olfativo a traves de notas empolvadas y amaderadas. En su base, un acorde mineral rico de tinta de Indigo se combina con matices ahumados de vainilla azul para crear una fragancia de sensualidad adictiva. | L23: FALSE | M23: TRUE | N23: 0 | O23: ARS | R23: =IF(AND(P23>0,Q23>0),ROUND((1-Q23/P23)*100,0),0) -> 0 | AA23: =SUBSTITUTE(F23, " ", "_") -> Fragancias | AB23: =SUBSTITUTE(F23&"_"&G23, " ", "_") -> Fragancias_
A24: 4773 | B24: 3274872477827 | C24: KENZO FLOWER LA RECOLTE PARISIENNE EDP | D24: Kenzo | E24: Perfumería | F24: Fragancias | I24: KENZO FLOWER LA RECOLTE PARISIENNE EDP | J24: Fragancia de la familia olfativa Floral . Se lanzó en 2024. Creada por Alberto Morillas y Dora Baghriche. Notas de Salida : pimienta rosa y mandarina amarilla; Notas de Corazón : dalia y rosa de Damasco; Notas de Fondo : almizcle blanco, haba tonka y vainilla.Un "abrazo " de notas florales ,muy parisino . | L24: FALSE | M24: TRUE | N24: 0 | O24: ARS | R24: =IF(AND(P24>0,Q24>0),ROUND((1-Q24/P24)*100,0),0) -> 0 | AA24: =SUBSTITUTE(F24, " ", "_") -> Fragancias | AB24: =SUBSTITUTE(F24&"_"&G24, " ", "_") -> Fragancias_
A25: 4774 | B25: 3274872423398 | C25: KENZO HOMME EDP | D25: Kenzo | E25: Perfumería | F25: Fragancias | I25: KENZO HOMME EDP | L25: FALSE | M25: TRUE | N25: 0 | O25: ARS | R25: =IF(AND(P25>0,Q25>0),ROUND((1-Q25/P25)*100,0),0) -> 0 | AA25: =SUBSTITUTE(F25, " ", "_") -> Fragancias | AB25: =SUBSTITUTE(F25&"_"&G25, " ", "_") -> Fragancias_
A26: 4775 | B26: 3274872421554 | C26: KENZO HOMME INTENSE EDT | D26: Kenzo | E26: Perfumería | F26: Fragancias | I26: KENZO HOMME INTENSE EDT | J26: Inspirada en la intensidad del bambú y la serenidad de la brisa marina. El perfumista Quentin Bisch está detrás de la KENZO HOMME Eau de Toilette Intense, amaderada y marina. La frescura de un acuerdo marino y las notas de cabeza del grano de pimienta rosa dejan paso a un acuerdo adictivo que combina la higuera y el sándalo, como la piel salada calentada por el sol. Un soplo de frescura amaderado y marino con alcohol natural. El diseño del nuevo frasco de KENZO HOMME Intense es la máxima representación de la verticalidad, que refleja la fuerza y flexibilidad del bambú. Su tapa biselada evoca el corte de una katana, una espada utilizada por los samuráis. | L26: FALSE | M26: TRUE | N26: 0 | O26: ARS | R26: =IF(AND(P26>0,Q26>0),ROUND((1-Q26/P26)*100,0),0) -> 0 | AA26: =SUBSTITUTE(F26, " ", "_") -> Fragancias | AB26: =SUBSTITUTE(F26&"_"&G26, " ", "_") -> Fragancias_
A27: 4776 | B27: 3274872464155 | C27: KENZO HOMME INTENSE EDT X 110 + GEL DUCHA + EDT | D27: Kenzo | E27: Perfumería | F27: Fragancias | I27: KENZO HOMME INTENSE EDT X 110 + GEL DUCHA + EDT | L27: FALSE | M27: TRUE | N27: 0 | O27: ARS | R27: =IF(AND(P27>0,Q27>0),ROUND((1-Q27/P27)*100,0),0) -> 0 | AA27: =SUBSTITUTE(F27, " ", "_") -> Fragancias | AB27: =SUBSTITUTE(F27&"_"&G27, " ", "_") -> Fragancias_
A28: 4777 | B28: 3274872476905 | C28: KENZO HOMME SANTAL MARINE EDT | D28: Kenzo | E28: Perfumería | F28: Fragancias | I28: KENZO HOMME SANTAL MARINE EDT | J28: Fragancia de la familia olfativa Amaderada Acuática .Se lanzó en 2024. La Nariz detrás de esta fragrancia es Quentin Bisch. Nota de Salida : notas marinas; Nota de Corazón : lavanda; Notas de Fondo :sándalo y madera de gaiac. | L28: FALSE | M28: TRUE | N28: 0 | O28: ARS | R28: =IF(AND(P28>0,Q28>0),ROUND((1-Q28/P28)*100,0),0) -> 0 | AA28: =SUBSTITUTE(F28, " ", "_") -> Fragancias | AB28: =SUBSTITUTE(F28&"_"&G28, " ", "_") -> Fragancias_
A29: 4778 | B29: 3274872289994 | C29: KENZO JUNGLE FEMME EDP | D29: Kenzo | E29: Perfumería | F29: Fragancias | I29: KENZO JUNGLE FEMME EDP | J29: Fragancia de la familia olfativa Oriental Especiada . Se lanzó en 1996. La Nariz detrás de esta fragrancia es Dominique Ropion. Notas de Salida :clavos de olor, comino y mandarina; Notas de Corazón :cardamomo, alcaravea, regaliz, mango, ylang-ylang, heliotropo y gardenia; Notas de Fondo : vainilla, ámbar y pachulí. | L29: FALSE | M29: TRUE | N29: 0 | O29: ARS | R29: =IF(AND(P29>0,Q29>0),ROUND((1-Q29/P29)*100,0),0) -> 0 | AA29: =SUBSTITUTE(F29, " ", "_") -> Fragancias | AB29: =SUBSTITUTE(F29&"_"&G29, " ", "_") -> Fragancias_
A30: 4779 | B30: 3274872444584 | C30: KENZO L EAU POUR HOMME EDT | D30: Kenzo | E30: Perfumería | F30: Fragancias | I30: KENZO L EAU POUR HOMME EDT | L30: FALSE | M30: TRUE | N30: 0 | O30: ARS | R30: =IF(AND(P30>0,Q30>0),ROUND((1-Q30/P30)*100,0),0) -> 0 | AA30: =SUBSTITUTE(F30, " ", "_") -> Fragancias | AB30: =SUBSTITUTE(F30&"_"&G30, " ", "_") -> Fragancias_
A31: 4780 | B31: 3274872505759 | C31: KENZO LE ROUGE FLOWER | D31: Kenzo | E31: Perfumería | F31: Fragancias | I31: KENZO LE ROUGE FLOWER | J31: Una fragancia floral gourmand que reinventa la icónica firma olfativa de FLOWER BY KENZO en una versión más intensa y sensual. Una intensidad envolvente Desde las primeras notas, los almizcles se abren con una sensación olfativa limpia. La rosa damascena aporta una nueva intensidad floral, mientras que Amberever®, la molécula amaderada más potente del mercado, junto con la vainilla y el sándalo, se fusionan para crear un confort cálido y gourmand. La inspiración Veinticinco años después del primer FLOWER BY KENZO, KENZO imagina a qué huele el rojo: LE ROUGE FLOWER captura toda la intensidad de un rojo profundo y vibrante que evoca las raíces de la Maison KENZO, Japón. Familia Olfativa:Floral Gourmand. Notas de Salida:Almizcles. Notas de Fondo:Amberever®, vainilla, sándalo. Notas de Corazón: Rosa damascena. | L31: FALSE | M31: TRUE | N31: 0 | O31: ARS | R31: =IF(AND(P31>0,Q31>0),ROUND((1-Q31/P31)*100,0),0) -> 0 | AA31: =SUBSTITUTE(F31, " ", "_") -> Fragancias | AB31: =SUBSTITUTE(F31&"_"&G31, " ", "_") -> Fragancias_
A32: 4781 | B32: 3274872497801 | C32: KENZO HOMME INTENSE EDT X 110 + GEL DUCHA + EDT INT | D32: Kenzo | E32: Perfumería | F32: Fragancias | I32: KENZO HOMME INTENSE EDT X 110 + GEL DUCHA + EDT INT | L32: FALSE | M32: TRUE | N32: 0 | O32: ARS | R32: =IF(AND(P32>0,Q32>0),ROUND((1-Q32/P32)*100,0),0) -> 0 | AA32: =SUBSTITUTE(F32, " ", "_") -> Fragancias | AB32: =SUBSTITUTE(F32&"_"&G32, " ", "_") -> Fragancias_
A33: 4782 | B33: 3274872423329 | C33: KENZO HOMME EDT | D33: Kenzo | E33: Perfumería | F33: Fragancias | I33: KENZO HOMME EDT | J33: Fragancia de la familia olfativa Amaderada Acuática .Se lanzó en 2022. Notas de Salida : notas marinas, Calipsone y nuez moscada; Notas de Corazón : pino y pachulí; Notas de Fondo ; sándalo y cedro. | L33: FALSE | M33: TRUE | N33: 0 | O33: ARS | R33: =IF(AND(P33>0,Q33>0),ROUND((1-Q33/P33)*100,0),0) -> 0 | AA33: =SUBSTITUTE(F33, " ", "_") -> Fragancias | AB33: =SUBSTITUTE(F33&"_"&G33, " ", "_") -> Fragancias_
A34: 4783 | B34: 3274872466982 | C34: KENZO HOMME EDT X 110 + GEL DUCHA + EDT | D34: Kenzo | E34: Perfumería | F34: Fragancias | I34: KENZO HOMME EDT X 110 + GEL DUCHA + EDT | L34: FALSE | M34: TRUE | N34: 0 | O34: ARS | R34: =IF(AND(P34>0,Q34>0),ROUND((1-Q34/P34)*100,0),0) -> 0 | AA34: =SUBSTITUTE(F34, " ", "_") -> Fragancias | AB34: =SUBSTITUTE(F34&"_"&G34, " ", "_") -> Fragancias_
A35: 4784 | B35: 3274872438088 | C35: KENZO HOMME MARINE EDT | D35: Kenzo | E35: Perfumería | F35: Fragancias | I35: KENZO HOMME MARINE EDT | J35: Fragancia de la familia olfativa Amaderada Acuática .Se lanzó en 2023. La Nariz detrás de esta fragrancia es Quentin Bisch. Nota de Salida : notas marinas; Nota de Corazón : ylang-ylang; Notas de Fondo : sándalo y almizcle. | L35: FALSE | M35: TRUE | N35: 0 | O35: ARS | R35: =IF(AND(P35>0,Q35>0),ROUND((1-Q35/P35)*100,0),0) -> 0 | AA35: =SUBSTITUTE(F35, " ", "_") -> Fragancias | AB35: =SUBSTITUTE(F35&"_"&G35, " ", "_") -> Fragancias_
A36: 4785 | B36: 3274872323483 | C36: KENZO WORLD EDP | D36: Kenzo | E36: Perfumería | F36: Fragancias | I36: KENZO WORLD EDP | J36: Descubre el mundo KENZO: audaz, espontáneo y sorprendente. Celebra la diversidad, la libertad de pensamiento y la expresión de uno mismo. Atrévete a ver el mundo a tu manera.Revisita el mundo de las flores y lo convierte en un perfume. Un encuentro inédito entre la peonía, el jazmín y los cristales resplandecientes de ambroxan®. | L36: FALSE | M36: TRUE | N36: 0 | O36: ARS | R36: =IF(AND(P36>0,Q36>0),ROUND((1-Q36/P36)*100,0),0) -> 0 | AA36: =SUBSTITUTE(F36, " ", "_") -> Fragancias | AB36: =SUBSTITUTE(F36&"_"&G36, " ", "_") -> Fragancias_
A37: 4786 | B37: 3274872440999 | C37: KENZO L EAU FEMME EDT X 100 ml ( RECARGABLE ) | D37: Kenzo | E37: Perfumería | F37: Fragancias | I37: KENZO L EAU FEMME EDT X 100 ml ( RECARGABLE ) | L37: FALSE | M37: TRUE | N37: 0 | O37: ARS | R37: =IF(AND(P37>0,Q37>0),ROUND((1-Q37/P37)*100,0),0) -> 0 | AA37: =SUBSTITUTE(F37, " ", "_") -> Fragancias | AB37: =SUBSTITUTE(F37&"_"&G37, " ", "_") -> Fragancias_
A38: 4787 | B38: 3274872390669 | C38: KENZO L EAU FEMME EDT | D38: Kenzo | E38: Perfumería | F38: Fragancias | I38: KENZO L EAU FEMME EDT | J38: Fagancia de la familia olfativa acuatica. Se lanzó en 1996. Nota de Salida : menta; Nota de Corazón : durazno (melocotón); Notas de Fondo : flor de loto y absoluto de vainilla. | L38: FALSE | M38: TRUE | N38: 0 | O38: ARS | R38: =IF(AND(P38>0,Q38>0),ROUND((1-Q38/P38)*100,0),0) -> 0 | AA38: =SUBSTITUTE(F38, " ", "_") -> Fragancias | AB38: =SUBSTITUTE(F38&"_"&G38, " ", "_") -> Fragancias_
A39: 4788 | B39: 3274872438422 | C39: KENZO L EAU FEMME FLORALE EDT | D39: Kenzo | E39: Perfumería | F39: Fragancias | I39: KENZO L EAU FEMME FLORALE EDT | J39: Familia olfativa Floral . Se lanzó en 2022. La Nariz detrás de esta fragrancia es Olivier Cresp. Nota de Salida : peonía; Nota de Corazón: rosa; Nota de Fondo : cedro. | L39: FALSE | M39: TRUE | N39: 0 | O39: ARS | R39: =IF(AND(P39>0,Q39>0),ROUND((1-Q39/P39)*100,0),0) -> 0 | AA39: =SUBSTITUTE(F39, " ", "_") -> Fragancias | AB39: =SUBSTITUTE(F39&"_"&G39, " ", "_") -> Fragancias_
A40: 4789 | B40: 3274872452503 | C40: KENZO L EAU FEMME SUNLIGHT EDT | D40: Kenzo | E40: Perfumería | F40: Fragancias | I40: KENZO L EAU FEMME SUNLIGHT EDT | J40: Fragancia de la familia olfativa Cítrica Aromática. Se lanzó en 2023. La Nariz detrás de esta fragrancia es Olivier Cresp. Notas de Salida : mandarina y notas acuáticas; Notas de Corazón : flor de loto y hoja de loto; Notas de Fondo : hojas de violeta y cedro. | L40: FALSE | M40: TRUE | N40: 0 | O40: ARS | R40: =IF(AND(P40>0,Q40>0),ROUND((1-Q40/P40)*100,0),0) -> 0 | AA40: =SUBSTITUTE(F40, " ", "_") -> Fragancias | AB40: =SUBSTITUTE(F40&"_"&G40, " ", "_") -> Fragancias_
A41: 4790 | B41: 3274872390737 | C41: KENZO L EAU HOMME EDT | D41: Kenzo | E41: Perfumería | F41: Fragancias | I41: KENZO L EAU HOMME EDT | L41: FALSE | M41: TRUE | N41: 0 | O41: ARS | R41: =IF(AND(P41>0,Q41>0),ROUND((1-Q41/P41)*100,0),0) -> 0 | AA41: =SUBSTITUTE(F41, " ", "_") -> Fragancias | AB41: =SUBSTITUTE(F41&"_"&G41, " ", "_") -> Fragancias_
A42: 4791 | B42: 3274872438460 | C42: KENZO L EAU HOMME BOISSE EDT | D42: Kenzo | E42: Perfumería | F42: Fragancias | I42: KENZO L EAU HOMME BOISSE EDT | J42: Familia olfativa Amaderada Especiada para Hombres. Se lanzó en 2022. La Nariz detrás de esta fragrancia es Aurélien Guichard. Nota de Salida : limón (lima ácida); Nota de Corazón : jengibre; Nota de Fondo : notas amaderadas. | L42: FALSE | M42: TRUE | N42: 0 | O42: ARS | R42: =IF(AND(P42>0,Q42>0),ROUND((1-Q42/P42)*100,0),0) -> 0 | AA42: =SUBSTITUTE(F42, " ", "_") -> Fragancias | AB42: =SUBSTITUTE(F42&"_"&G42, " ", "_") -> Fragancias_
A43: 4792 | B43: 3274872452534 | C43: KENZO L EAU HOMME SUNLIGHT EDT | D43: Kenzo | E43: Perfumería | F43: Fragancias | I43: KENZO L EAU HOMME SUNLIGHT EDT | J43: Captura las fragancias de flores, frutas, frescura y felicidad. Un agua repleta de sol y colores, para un encuentro con la piel. Notas cítricas de mandarina y nota central de hojas de loto, acompañadas por la singular elegancia de las hojas de violeta. Una composición soleada y verde apoyada en una majestuosa nota de fondo de madera de cedro. El frasco hace eco de uno de los elementos esenciales de la naturaleza: el agua. Su forma se ha pensado en verticalidad y rinde homenaje a la fuerza de esta increíble fuente de vida. | L43: FALSE | M43: TRUE | N43: 0 | O43: ARS | R43: =IF(AND(P43>0,Q43>0),ROUND((1-Q43/P43)*100,0),0) -> 0 | AA43: =SUBSTITUTE(F43, " ", "_") -> Fragancias | AB43: =SUBSTITUTE(F43&"_"&G43, " ", "_") -> Fragancias_
A44: 4793 | B44: 3274872444577 | C44: KENZO L EAU HOMME | D44: Kenzo | E44: Perfumería | F44: Fragancias | I44: KENZO L EAU HOMME | J44: Una visión única del agua. A su pureza y frescura, Kenzo añade un toque maravilloso para crear un agua vibrante y repleta de energía. Un cítrico acuático firmado por las notas tonificantes de yuzu y menta escarchada sobre un fondo de madera de cedro, para un encuentro sensual y chispeante con la piel. Familia Olfativa:Cítrica acuática. Notas de salida: Yuzu, Lima, Pimienta Verde. Notas de Fondo:Cedro, Almizcles Blancos. Notas de Corazón: Acorde Acuático de Hoja de Loto, Menta. | L44: FALSE | M44: TRUE | N44: 0 | O44: ARS | R44: =IF(AND(P44>0,Q44>0),ROUND((1-Q44/P44)*100,0),0) -> 0 | AA44: =SUBSTITUTE(F44, " ", "_") -> Fragancias | AB44: =SUBSTITUTE(F44&"_"&G44, " ", "_") -> Fragancias_
A45: 4794 | B45: 3274872511910 | C45: KENZO L EAU PURE AMBRE EDP | D45: Kenzo | E45: Perfumería | F45: Fragancias | I45: KENZO L EAU PURE AMBRE EDP | J45: Familia olfativa Oriental Floral para Hombres y Mujeres. Se lanzó en 2026. Creada por Daphné Bugey y Nicolas Bonneville. Notas de Salida : ylang-ylang y Leche de higo; Notas de Corazón : Aquozone, siempreviva, sándalo y ambroxan; Notas de Fondo : vainilla de Tahití y benjuí de Siam. | L45: FALSE | M45: TRUE | N45: 0 | O45: ARS | R45: =IF(AND(P45>0,Q45>0),ROUND((1-Q45/P45)*100,0),0) -> 0 | AA45: =SUBSTITUTE(F45, " ", "_") -> Fragancias | AB45: =SUBSTITUTE(F45&"_"&G45, " ", "_") -> Fragancias_
A46: 4795 | B46: 3274872480643 | C46: KENZO L EAU PURE EDP | D46: Kenzo | E46: Perfumería | F46: Fragancias | I46: KENZO L EAU PURE EDP | J46: El agua no tiene color. Por eso, quería que estuviera llena de colores. Llena de frutas, flores, frescura y felicidad. Fresco e intenso, delicadamente puro y profundamente contrastante. En el corazón de esta creación, la molécula acuática más poderosa de la paleta del perfumista, Aquozone, libera notas cristalinas con una estela excepcionalmente duradera. La frescura vigorizante de la mandarina italiana y el limón se funde armoniosamente con la suavidad relajante de la lavanda blanca. Enriquecida con almizcle y sándalo australiano, Desprende una profundidad envolvente y sensual. Su botella refinada y minimalista es una versión moderna de la pureza de una gota de agua. Familia Olfativa: Cítrica. Notas de Salida: Mandarina y Limón. Notas de Fondo: Almizcle y Sándalo. Notas de Corazón: Lavanda blanca y Aquozone. | L46: FALSE | M46: TRUE | N46: 0 | O46: ARS | R46: =IF(AND(P46>0,Q46>0),ROUND((1-Q46/P46)*100,0),0) -> 0 | AA46: =SUBSTITUTE(F46, " ", "_") -> Fragancias | AB46: =SUBSTITUTE(F46&"_"&G46, " ", "_") -> Fragancias_
A47: 4796 | B47: 3274872505438 | C47: KENZO L EAU PURE EDP X 50 ml + EDT | D47: Kenzo | E47: Perfumería | F47: Fragancias | I47: KENZO L EAU PURE EDP X 50 ml + EDT | L47: FALSE | M47: TRUE | N47: 0 | O47: ARS | R47: =IF(AND(P47>0,Q47>0),ROUND((1-Q47/P47)*100,0),0) -> 0 | AA47: =SUBSTITUTE(F47, " ", "_") -> Fragancias | AB47: =SUBSTITUTE(F47&"_"&G47, " ", "_") -> Fragancias_
A48: 4797 | B48: 3274872473874 | C48: KENZO L EAU HOMME GLACEE EDT | D48: Kenzo | E48: Perfumería | F48: Fragancias | I48: KENZO L EAU HOMME GLACEE EDT | J48: El agua en estado sólido encapsula las fórmulas icónicas de L’Eau Kenzo, ofreciéndoles una nueva variación olfativa. En esta nueva obra, el maestro perfumista Olivier Cresp junto con la perfumista Coralie Spicher reinterpretan L'Eau Kenzo e imaginan la belleza de la naturaleza congelada en hielo. La mandarina italiana helada abre la estela de este eau de toilette, con flores de fresia delicadamente envueltas en notas de haba tonka. Una firma fresca, chispeante y poderosa, impulsada por aldehídos. El frasco de L'EAU Kenzo Glacée está vestido con un degradado escarchado que refleja la frescura de la fragancia que contiene. Su diseño vertical rinde homenaje al poder de esta increíble fuente de vida | L48: FALSE | M48: TRUE | N48: 0 | O48: ARS | R48: =IF(AND(P48>0,Q48>0),ROUND((1-Q48/P48)*100,0),0) -> 0 | AA48: =SUBSTITUTE(F48, " ", "_") -> Fragancias | AB48: =SUBSTITUTE(F48&"_"&G48, " ", "_") -> Fragancias_
A49: 4798 | B49: 3274872473867 | C49: KENZO L EAU FEMME GLACEE EDT | D49: Kenzo | E49: Perfumería | F49: Fragancias | I49: KENZO L EAU FEMME GLACEE EDT | J49: El agua en estado sólido encapsula las fórmulas icónicas de L’Eau Kenzo, ofreciéndoles una nueva variación olfativa. En esta nueva obra, el maestro perfumista Olivier Cresp junto con la perfumista Coralie Spicher reinterpretan L'Eau Kenzo e imaginan la belleza de la naturaleza congelada en hielo. La mandarina italiana helada abre la estela de este eau de toilette, con flores de fresia delicadamente envueltas en notas de haba tonka. Una firma fresca, chispeante y poderosa, impulsada por aldehídos. El frasco de L'EAU Kenzo Glacée está vestido con un degradado escarchado que refleja la frescura de la fragancia que contiene. Su diseño vertical rinde homenaje al poder de esta increíble fuente de vida | L49: FALSE | M49: TRUE | N49: 0 | O49: ARS | R49: =IF(AND(P49>0,Q49>0),ROUND((1-Q49/P49)*100,0),0) -> 0 | AA49: =SUBSTITUTE(F49, " ", "_") -> Fragancias | AB49: =SUBSTITUTE(F49&"_"&G49, " ", "_") -> Fragancias_
A50: 4800 | B50: 7790416011167 | C50: CUTEX BASE PROTECTORA DE UÑAS | D50: Cutex | E50: Perfumería | F50: Maquillaje | I50: CUTEX BASE PROTECTORA DE UÑAS | L50: FALSE | M50: TRUE | N50: 0 | O50: ARS | R50: =IF(AND(P50>0,Q50>0),ROUND((1-Q50/P50)*100,0),0) -> 0 | AA50: =SUBSTITUTE(F50, " ", "_") -> Maquillaje | AB50: =SUBSTITUTE(F50&"_"&G50, " ", "_") -> Maquillaje_
A51: 4801 | B51: 7790416019897 | C51: CUTEX BASE TOP COAT PARA UÑAS | D51: Cutex | E51: Perfumería | F51: Maquillaje | I51: CUTEX BASE TOP COAT PARA UÑAS | L51: FALSE | M51: TRUE | N51: 0 | O51: ARS | R51: =IF(AND(P51>0,Q51>0),ROUND((1-Q51/P51)*100,0),0) -> 0 | AA51: =SUBSTITUTE(F51, " ", "_") -> Maquillaje | AB51: =SUBSTITUTE(F51&"_"&G51, " ", "_") -> Maquillaje_
A52: 4802 | B52: 7790416011792 | C52: CUTEX CALCIO PARA UÑAS ROSA 001 | D52: Cutex | E52: Perfumería | F52: Maquillaje | I52: CUTEX CALCIO PARA UÑAS ROSA 001 | L52: FALSE | M52: TRUE | N52: 0 | O52: ARS | R52: =IF(AND(P52>0,Q52>0),ROUND((1-Q52/P52)*100,0),0) -> 0 | AA52: =SUBSTITUTE(F52, " ", "_") -> Maquillaje | AB52: =SUBSTITUTE(F52&"_"&G52, " ", "_") -> Maquillaje_
A53: 4803 | B53: 7790416016278 | C53: CUTEX CAPA PROTECTORA BRILLO MAXIMO | D53: Cutex | E53: Perfumería | F53: Maquillaje | I53: CUTEX CAPA PROTECTORA BRILLO MAXIMO | L53: FALSE | M53: TRUE | N53: 0 | O53: ARS | R53: =IF(AND(P53>0,Q53>0),ROUND((1-Q53/P53)*100,0),0) -> 0 | AA53: =SUBSTITUTE(F53, " ", "_") -> Maquillaje | AB53: =SUBSTITUTE(F53&"_"&G53, " ", "_") -> Maquillaje_
A54: 4804 | B54: 7790416027236 | C54: CUTEX ESMALTE DUO PACK | D54: Cutex | E54: Perfumería | F54: Maquillaje | I54: CUTEX ESMALTE DUO PACK | L54: FALSE | M54: TRUE | N54: 0 | O54: ARS | R54: =IF(AND(P54>0,Q54>0),ROUND((1-Q54/P54)*100,0),0) -> 0 | AA54: =SUBSTITUTE(F54, " ", "_") -> Maquillaje | AB54: =SUBSTITUTE(F54&"_"&G54, " ", "_") -> Maquillaje_
A55: 4805 | B55: 7790416640107 | C55: CUTEX ESMALTE | D55: Cutex | E55: Perfumería | F55: Maquillaje | I55: CUTEX ESMALTE | L55: FALSE | M55: TRUE | N55: 0 | O55: ARS | R55: =IF(AND(P55>0,Q55>0),ROUND((1-Q55/P55)*100,0),0) -> 0 | AA55: =SUBSTITUTE(F55, " ", "_") -> Maquillaje | AB55: =SUBSTITUTE(F55&"_"&G55, " ", "_") -> Maquillaje_
A56: 4806 | B56: 7790416021357 | C56: CUTEX FORTALECEDOR UNAS CON CANNABIDIOL | D56: Cutex | E56: Perfumería | F56: Maquillaje | I56: CUTEX FORTALECEDOR UNAS CON CANNABIDIOL | L56: FALSE | M56: TRUE | N56: 0 | O56: ARS | R56: =IF(AND(P56>0,Q56>0),ROUND((1-Q56/P56)*100,0),0) -> 0 | AA56: =SUBSTITUTE(F56, " ", "_") -> Maquillaje | AB56: =SUBSTITUTE(F56&"_"&G56, " ", "_") -> Maquillaje_
A57: 4807 | B57: 7790416016261 | C57: CUTEX FORTALECEDOR UNAS | D57: Cutex | E57: Perfumería | F57: Maquillaje | I57: CUTEX FORTALECEDOR UNAS | L57: FALSE | M57: TRUE | N57: 0 | O57: ARS | R57: =IF(AND(P57>0,Q57>0),ROUND((1-Q57/P57)*100,0),0) -> 0 | AA57: =SUBSTITUTE(F57, " ", "_") -> Maquillaje | AB57: =SUBSTITUTE(F57&"_"&G57, " ", "_") -> Maquillaje_
A58: 4808 | B58: 7790416016230 | C58: CUTEX QUICK DRY UNAS | D58: Cutex | E58: Perfumería | F58: Maquillaje | I58: CUTEX QUICK DRY UNAS | L58: FALSE | M58: TRUE | N58: 0 | O58: ARS | R58: =IF(AND(P58>0,Q58>0),ROUND((1-Q58/P58)*100,0),0) -> 0 | AA58: =SUBSTITUTE(F58, " ", "_") -> Maquillaje | AB58: =SUBSTITUTE(F58&"_"&G58, " ", "_") -> Maquillaje_
A59: 4809 | B59: 7790416019880 | C59: CUTEX FORTALECEDOR UNAS 8 EN 1 | D59: Cutex | E59: Perfumería | F59: Maquillaje | I59: CUTEX FORTALECEDOR UNAS 8 EN 1 | L59: FALSE | M59: TRUE | N59: 0 | O59: ARS | R59: =IF(AND(P59>0,Q59>0),ROUND((1-Q59/P59)*100,0),0) -> 0 | AA59: =SUBSTITUTE(F59, " ", "_") -> Maquillaje | AB59: =SUBSTITUTE(F59&"_"&G59, " ", "_") -> Maquillaje_
A60: 4810 | B60: 7790416024983 | C60: CUTEX FORTALECEDOR UNAS ARGAN | D60: Cutex | E60: Perfumería | F60: Maquillaje | I60: CUTEX FORTALECEDOR UNAS ARGAN | L60: FALSE | M60: TRUE | N60: 0 | O60: ARS | R60: =IF(AND(P60>0,Q60>0),ROUND((1-Q60/P60)*100,0),0) -> 0 | AA60: =SUBSTITUTE(F60, " ", "_") -> Maquillaje | AB60: =SUBSTITUTE(F60&"_"&G60, " ", "_") -> Maquillaje_
A61: 4811 | C61: REVLON BASE AGE 3X | D61: Revlon | E61: Perfumería | F61: Maquillaje | I61: REVLON BASE AGE 3X | L61: FALSE | M61: TRUE | N61: 0 | O61: ARS | R61: =IF(AND(P61>0,Q61>0),ROUND((1-Q61/P61)*100,0),0) -> 0 | AA61: =SUBSTITUTE(F61, " ", "_") -> Maquillaje | AB61: =SUBSTITUTE(F61&"_"&G61, " ", "_") -> Maquillaje_
A62: 4812 | B62: 309970278885 | C62: REVLON AGE DEFYING 3X FUNDATION SPF 25 | D62: Revlon | E62: Perfumería | F62: Maquillaje | I62: REVLON AGE DEFYING 3X FUNDATION SPF 25 | J62: Base de maquillaje fluida con beneficios preventivos contra el envejecimiento. Con Tecnología triple escudo: Hidrata, Protege, Previene. Su fórmula contiene ingredientes para el cuidado de la piel: Glicerina que proporciona hidratación y humectación y Vitamina E que brinda propiedades antioxidantes. Cobertura media, construible. Se difumina uniformemente y es de fácil aplicación. Brinda un acabado natural. Ayuda a difuminar líneas suaves e imperfecciones. Protege la piel de los rayos UV con FPS 25 Este producto NO ES un protector solar. Dermatológicamente testeado | L62: FALSE | M62: TRUE | N62: 0 | O62: ARS | R62: =IF(AND(P62>0,Q62>0),ROUND((1-Q62/P62)*100,0),0) -> 0 | AA62: =SUBSTITUTE(F62, " ", "_") -> Maquillaje | AB62: =SUBSTITUTE(F62&"_"&G62, " ", "_") -> Maquillaje_
A63: 4813 | C63: REVLON BASE COL LIG | D63: Revlon | E63: Perfumería | F63: Maquillaje | I63: REVLON BASE COL LIG | L63: FALSE | M63: TRUE | N63: 0 | O63: ARS | R63: =IF(AND(P63>0,Q63>0),ROUND((1-Q63/P63)*100,0),0) -> 0 | AA63: =SUBSTITUTE(F63, " ", "_") -> Maquillaje | AB63: =SUBSTITUTE(F63&"_"&G63, " ", "_") -> Maquillaje_
A64: 4814 | B64: 309974677035 | C64: REVLON COLORSTAY LONGWEAR MAKEUP SPF 15 NORMAL-SECA | D64: Revlon | E64: Perfumería | F64: Maquillaje | I64: REVLON COLORSTAY LONGWEAR MAKEUP SPF 15 NORMAL-SECA | J64: Base de maquillaje líquida ,dura hasta por 24 horas sin importar lo que te depare la vida y por eso la llamamos "la base que te acompaña todo el día" | L64: FALSE | M64: TRUE | N64: 0 | O64: ARS | R64: =IF(AND(P64>0,Q64>0),ROUND((1-Q64/P64)*100,0),0) -> 0 | AA64: =SUBSTITUTE(F64, " ", "_") -> Maquillaje | AB64: =SUBSTITUTE(F64&"_"&G64, " ", "_") -> Maquillaje_
A65: 4815 | B65: 309974700030 | C65: REVLON COLORSTAY LONGWEAR MAKEUP SPF 15 COMBINADA GRASA | D65: Revlon | E65: Perfumería | F65: Maquillaje | I65: REVLON COLORSTAY LONGWEAR MAKEUP SPF 15 COMBINADA GRASA | J65: Base de maquillaje líquida, dura hasta por 24 horas sin importar lo que te depare la vida y por eso la llamamos "la base que te acompaña todo el día" | L65: FALSE | M65: TRUE | N65: 0 | O65: ARS | R65: =IF(AND(P65>0,Q65>0),ROUND((1-Q65/P65)*100,0),0) -> 0 | AA65: =SUBSTITUTE(F65, " ", "_") -> Maquillaje | AB65: =SUBSTITUTE(F65&"_"&G65, " ", "_") -> Maquillaje_
A66: 4816 | B66: 309970174842 | C66: REVLON COLORSTAY SEMI-PERMANENT BROW INK BLONDE | D66: Revlon | E66: Perfumería | F66: Maquillaje | I66: REVLON COLORSTAY SEMI-PERMANENT BROW INK BLONDE | J66: OFRECE UN ESTILO DE CEJAS CON CALIDAD DE SALÓN EN CASA QUE DURA 3 DÍAS. | L66: FALSE | M66: TRUE | N66: 0 | O66: ARS | R66: =IF(AND(P66>0,Q66>0),ROUND((1-Q66/P66)*100,0),0) -> 0 | AA66: =SUBSTITUTE(F66, " ", "_") -> Maquillaje | AB66: =SUBSTITUTE(F66&"_"&G66, " ", "_") -> Maquillaje_
A67: 4817 | B67: 309970174866 | C67: REVLON COLORSTAY SEMI-PERMANENT BROW INK SOFT BROWN | D67: Revlon | E67: Perfumería | F67: Maquillaje | I67: REVLON COLORSTAY SEMI-PERMANENT BROW INK SOFT BROWN | J67: TECNOLOGÍA DE CEJAS SEMIPERMANENTE EXCLUSIVA | L67: FALSE | M67: TRUE | N67: 0 | O67: ARS | R67: =IF(AND(P67>0,Q67>0),ROUND((1-Q67/P67)*100,0),0) -> 0 | AA67: =SUBSTITUTE(F67, " ", "_") -> Maquillaje | AB67: =SUBSTITUTE(F67&"_"&G67, " ", "_") -> Maquillaje_
A68: 4818 | B68: 309970127275 | C68: REVLON PHOTOREADY ROSE GLOW MIST BRUMA | D68: Revlon | E68: Perfumería | F68: Maquillaje | I68: REVLON PHOTOREADY ROSE GLOW MIST BRUMA | J68: CREA LOOKS DE CEJAS NATURAL, MÁS LLENOS Y DEFINIDOS | L68: FALSE | M68: TRUE | N68: 0 | O68: ARS | R68: =IF(AND(P68>0,Q68>0),ROUND((1-Q68/P68)*100,0),0) -> 0 | AA68: =SUBSTITUTE(F68, " ", "_") -> Maquillaje | AB68: =SUBSTITUTE(F68&"_"&G68, " ", "_") -> Maquillaje_
A69: 4819 | C69: REVLON CANDID FOND DE TEINT | D69: Revlon | E69: Perfumería | F69: Maquillaje | I69: REVLON CANDID FOND DE TEINT | J69: UNA ALTERNATIVA AL TEÑIDO DE CEJAS, LAMINACIÓN Y MICROBLANDING | L69: FALSE | M69: TRUE | N69: 0 | O69: ARS | R69: =IF(AND(P69>0,Q69>0),ROUND((1-Q69/P69)*100,0),0) -> 0 | AA69: =SUBSTITUTE(F69, " ", "_") -> Maquillaje | AB69: =SUBSTITUTE(F69&"_"&G69, " ", "_") -> Maquillaje_
A70: 4820 | C70: REVLON COL ANTI CONC | D70: Revlon | E70: Perfumería | F70: Maquillaje | I70: REVLON COL ANTI CONC | J70: IMPERMEABLE, A PRUEBA DE TRANSFERENCIAS, A PRUEBA DE MANCHAS | L70: FALSE | M70: TRUE | N70: 0 | O70: ARS | R70: =IF(AND(P70>0,Q70>0),ROUND((1-Q70/P70)*100,0),0) -> 0 | AA70: =SUBSTITUTE(F70, " ", "_") -> Maquillaje | AB70: =SUBSTITUTE(F70&"_"&G70, " ", "_") -> Maquillaje_
A71: 4821 | B71: 309970050580 | C71: REVLON COLORSTAY BROW FIBER FILLER GEL TRANSPARENTE | D71: Revlon | E71: Perfumería | F71: Maquillaje | I71: REVLON COLORSTAY BROW FIBER FILLER GEL TRANSPARENTE | J71: Rellenador de cejas duradero, hasta 2 días! Rellena, da volumen y fija el color en simples pasadas. La fórmula en gel con color contiene fibras que se adhieren al pelo, creando un look abundante y definido. El cepillo aplicador 2-en 1 ayuda a distribuir el color y las fibras para una aplicación más fácil y uniforme. A prueba de agua, no se corre. Fórmula infusionada con aceite de palta para añadir más suavidad y acondicionamiento a las cejas. Disponible en 3 tonos. | L71: FALSE | M71: TRUE | N71: 0 | O71: ARS | R71: =IF(AND(P71>0,Q71>0),ROUND((1-Q71/P71)*100,0),0) -> 0 | AA71: =SUBSTITUTE(F71, " ", "_") -> Maquillaje | AB71: =SUBSTITUTE(F71&"_"&G71, " ", "_") -> Maquillaje_
A72: 4822 | B72: 309970101411 | C72: REVLON COLORSTAY CREME EYE SHADOW | D72: Revlon | E72: Perfumería | F72: CREMAS MANOS Y CUERPO | I72: REVLON COLORSTAY CREME EYE SHADOW | J72: Suave y combinable sombra para ojos en crema que no solo es a prueba de agua, sino que también dura hasta 24 horas Cada sombra con un color de alta pigmentación bien sea mate o brillante (o un color tenue si lo difuminas un poco) Incluye una pequeña brocha en la tapa, para una aplicación más fácil Oftalmológicamente aprobado | L72: FALSE | M72: TRUE | N72: 0 | O72: ARS | R72: =IF(AND(P72>0,Q72>0),ROUND((1-Q72/P72)*100,0),0) -> 0 | AA72: =SUBSTITUTE(F72, " ", "_") -> CREMAS_MANOS_Y_CUERPO | AB72: =SUBSTITUTE(F72&"_"&G72, " ", "_") -> CREMAS_MANOS_Y_CUERPO_
A73: 4823 | C73: REVLON COL SHADOW CRE | D73: Revlon | E73: Perfumería | F73: MAQUILLAJE | I73: REVLON COL SHADOW CRE | L73: FALSE | M73: TRUE | N73: 0 | O73: ARS | R73: =IF(AND(P73>0,Q73>0),ROUND((1-Q73/P73)*100,0),0) -> 0 | AA73: =SUBSTITUTE(F73, " ", "_") -> MAQUILLAJE | AB73: =SUBSTITUTE(F73&"_"&G73, " ", "_") -> MAQUILLAJE_
A74: 4824 | B74: 309970165123 | C74: REVLON COLORSTAY BLOT SETTING MATTE POWDER | D74: Revlon | E74: Perfumería | F74: MAQUILLAJE | I74: REVLON COLORSTAY BLOT SETTING MATTE POWDER | J74: El poder de un acabado impecable con este polvo fijador que transforma tu rutina de maquillaje en un verdadero escudo para la piel. Con una textura suave y ligera, se desliza fácilmente para dejar un acabado mate perfecto que dura hasta por 16 horas, sin perder frescura ni naturalidad. | L74: FALSE | M74: TRUE | N74: 0 | O74: ARS | R74: =IF(AND(P74>0,Q74>0),ROUND((1-Q74/P74)*100,0),0) -> 0 | AA74: =SUBSTITUTE(F74, " ", "_") -> MAQUILLAJE | AB74: =SUBSTITUTE(F74&"_"&G74, " ", "_") -> MAQUILLAJE_
A75: 4825 | C75: REVLON COLORSTAY GRIP MATTE PRIMER | D75: Revlon | E75: Perfumería | F75: MAQUILLAJE | I75: REVLON COLORSTAY GRIP MATTE PRIMER | J75: Reduce la apariencia de los poros Además, cuida tu piel con una potente MEZCLA SUPERFOOD DETOX de cítricos, aloe y brócoli, ingredientes que ayudan a defender el rostro frente a contaminantes ambientales, partículas de suciedad y radicales libres. Ideal para todo tipo de piel. Usalo solo o para sellar tu maquillaje: tu piel lo va a agradecer. | L75: FALSE | M75: TRUE | N75: 0 | O75: ARS | R75: =IF(AND(P75>0,Q75>0),ROUND((1-Q75/P75)*100,0),0) -> 0 | AA75: =SUBSTITUTE(F75, " ", "_") -> MAQUILLAJE | AB75: =SUBSTITUTE(F75&"_"&G75, " ", "_") -> MAQUILLAJE_
A76: 4826 | C76: REVLON COLORSTAY LINE CREATOR | D76: Revlon | E76: Perfumería | F76: MAQUILLAJE | I76: REVLON COLORSTAY LINE CREATOR | L76: FALSE | M76: TRUE | N76: 0 | O76: ARS | R76: =IF(AND(P76>0,Q76>0),ROUND((1-Q76/P76)*100,0),0) -> 0 | AA76: =SUBSTITUTE(F76, " ", "_") -> MAQUILLAJE | AB76: =SUBSTITUTE(F76&"_"&G76, " ", "_") -> MAQUILLAJE_
A77: 4827 | B77: 309978430025 | C77: REVLON COLORSTAY PRESSED POWDER | D77: Revlon | E77: Perfumería | F77: MAQUILLAJE | I77: REVLON COLORSTAY PRESSED POWDER | J77: La fórmula exclusiva de ColorStay™ logra una textura ultra fina y liviana que ayuda a controlar el brillo y crear un acabado suave y sedoso que dura hasta 16 horas sobre la base de maquillaje. Este polvo es liviano y cómodo, no se seca ni endurece en el rostro.Sin aceite, no irrita y no obstruye los poros Acabado suave y sedoso sobre la base de maquillaje, el corrector o la piel | L77: FALSE | M77: TRUE | N77: 0 | O77: ARS | R77: =IF(AND(P77>0,Q77>0),ROUND((1-Q77/P77)*100,0),0) -> 0 | AA77: =SUBSTITUTE(F77, " ", "_") -> MAQUILLAJE | AB77: =SUBSTITUTE(F77&"_"&G77, " ", "_") -> MAQUILLAJE_
A78: 4828 | B78: 7790416018951 | C78: REVLON COLORSTAY SUEDE INK LIPSTICK | D78: Revlon | E78: Perfumería | F78: MAQUILLAJE | I78: REVLON COLORSTAY SUEDE INK LIPSTICK | J78: Color mate intenso de alta pigmentación, intransferible y con una duración de hasta 8 horas. Con su fórmula revolucionaria evita la transferencia, brinda un color mate intenso y promete un acabado duradero a prueba de manchas que dura hasta 8 horas.Intransferible, dura hasta 8 horas en tus labios. Fórmula pigmentada que ofrece un color intenso mate. Garantiza una aplicación precisa y sin esfuerzo. Color en una sola pasada. Fórmula sin parabenos ni sulfatos. Contiene Vitamina E para humectar y proteger tus labios. | L78: FALSE | M78: TRUE | N78: 0 | O78: ARS | R78: =IF(AND(P78>0,Q78>0),ROUND((1-Q78/P78)*100,0),0) -> 0 | AA78: =SUBSTITUTE(F78, " ", "_") -> MAQUILLAJE | AB78: =SUBSTITUTE(F78&"_"&G78, " ", "_") -> MAQUILLAJE_
A79: 4829 | B79: 309970166052 | C79: REVLON COLORSTAY CONCEALER SKIN AWAKEN 5 IN 1 | D79: Revlon | E79: Perfumería | F79: MAQUILLAJE | I79: REVLON COLORSTAY CONCEALER SKIN AWAKEN 5 IN 1 | J79: Corrector para rostro 5 en 1! Su fórmula cremosa se mezcla en la piel y crea instantáneamente la apariencia de una piel luminosa de aspecto natural. Duración: Hasta por 24hs. A prueba de transferencias. Acabado natural: Cobertura media Ilumina y despierta visiblemente la piel. Atenúa y disimula las manchas oscuras del área del ojo. No comedogénico Apto para pieles sensibles y probado por dermatólogos. Libre de: talco, sulfatos, parabenos, ftalatos, fragancias y aceites. No es irritante Apto para personas con ojos sensibles y/o lentes de contacto | L79: FALSE | M79: TRUE | N79: 0 | O79: ARS | R79: =IF(AND(P79>0,Q79>0),ROUND((1-Q79/P79)*100,0),0) -> 0 | AA79: =SUBSTITUTE(F79, " ", "_") -> MAQUILLAJE | AB79: =SUBSTITUTE(F79&"_"&G79, " ", "_") -> MAQUILLAJE_
A80: 4830 | C80: REVLON CORR PHOTO | D80: Revlon | E80: Perfumería | F80: MAQUILLAJE | I80: REVLON CORR PHOTO | L80: FALSE | M80: TRUE | N80: 0 | O80: ARS | R80: =IF(AND(P80>0,Q80>0),ROUND((1-Q80/P80)*100,0),0) -> 0 | AA80: =SUBSTITUTE(F80, " ", "_") -> MAQUILLAJE | AB80: =SUBSTITUTE(F80&"_"&G80, " ", "_") -> MAQUILLAJE_
A81: 4831 | B81: 309970175078 | C81: REVLON COLORSTAY MATTE LIT CRAYON LIPSTICK | D81: Revlon | E81: Perfumería | F81: MAQUILLAJE | I81: REVLON COLORSTAY MATTE LIT CRAYON LIPSTICK | J81: Labial en crayón con acabado mate que combina color intenso y una sensación ultra liviana. Su fórmula no reseca y está enriquecida con aceite de semilla de mango, un ingrediente rico en antioxidantes que ayuda a nutrir y restaurar los labios. Gracias a su textura suave y cómoda, podés disfrutar de un look vibrante durante todo el día sin sentir que llevás maquillaje.Formulado con nano-pigmentos ultralivianos, que lo hacen un 30% más liviano que un labial tradicional. Punta ultraprecisa y sacapuntas incorporado, ideal para retoques en cualquier momento. Resistente al agua, no se corre ni se descascara. No se desvanece, no se corre ni se esparce. Libre de parabenos y aceites minerales. | L81: FALSE | M81: TRUE | N81: 0 | O81: ARS | R81: =IF(AND(P81>0,Q81>0),ROUND((1-Q81/P81)*100,0),0) -> 0 | AA81: =SUBSTITUTE(F81, " ", "_") -> MAQUILLAJE | AB81: =SUBSTITUTE(F81&"_"&G81, " ", "_") -> MAQUILLAJE_
A82: 4832 | B82: 7790416022057 | C82: REVLON CREME SHADOW 705 CREME BRULEE | D82: Revlon | E82: Perfumería | F82: MAQUILLAJE | I82: REVLON CREME SHADOW 705 CREME BRULEE | L82: FALSE | M82: TRUE | N82: 0 | O82: ARS | R82: =IF(AND(P82>0,Q82>0),ROUND((1-Q82/P82)*100,0),0) -> 0 | AA82: =SUBSTITUTE(F82, " ", "_") -> MAQUILLAJE | AB82: =SUBSTITUTE(F82&"_"&G82, " ", "_") -> MAQUILLAJE_
A83: 4833 | B83: 7790416102773 | C83: REVLON CREME SHADOW 710 CARAMEL | D83: Revlon | E83: Perfumería | F83: MAQUILLAJE | I83: REVLON CREME SHADOW 710 CARAMEL | L83: FALSE | M83: TRUE | N83: 0 | O83: ARS | R83: =IF(AND(P83>0,Q83>0),ROUND((1-Q83/P83)*100,0),0) -> 0 | AA83: =SUBSTITUTE(F83, " ", "_") -> MAQUILLAJE | AB83: =SUBSTITUTE(F83&"_"&G83, " ", "_") -> MAQUILLAJE_
A84: 4834 | B84: 309970217112 | C84: REVLON COLORSTAY MULTI PLAYER DELINEADOR | D84: Revlon | E84: Perfumería | F84: MAQUILLAJE | I84: REVLON COLORSTAY MULTI PLAYER DELINEADOR | J84: Lápiz de ojos afilable con pincel para difuminar. Crea infinidad de looks con este lápiz multiusos de larga duración. Úsalo como quieras. Su fórmula versátil se desliza suavemente como un líquido, sin tirones ni interrupciones, y su textura cremosa te da el tiempo justo para delinear, difuminar y mezclar antes de que se seque. Resistente al agua hasta 12 horas. Para todo tipo de piel. | L84: FALSE | M84: TRUE | N84: 0 | O84: ARS | R84: =IF(AND(P84>0,Q84>0),ROUND((1-Q84/P84)*100,0),0) -> 0 | AA84: =SUBSTITUTE(F84, " ", "_") -> MAQUILLAJE | AB84: =SUBSTITUTE(F84&"_"&G84, " ", "_") -> MAQUILLAJE_
A85: 4835 | B85: 7790416020220 | C85: REVLON COLORSTAY DAY TO NIGHT EYESHADOW QUAD | D85: Revlon | E85: Perfumería | F85: MAQUILLAJE | I85: REVLON COLORSTAY DAY TO NIGHT EYESHADOW QUAD | J85: Paleta de sombras para ojos te ofrece 4 tonos de color verdadero, que te permiten crear y combinar looks tanto para el día como también para la noche. Jugá con looks naturales, elegantes y atrevidos.Duración hasta por 24 horas. Se aplica como un polvo y permanece como una crema. Tonos de transición del día a la noche Sensación muy suave. Color verdadero Tonos neutros, románticos y atrevidos. | L85: FALSE | M85: TRUE | N85: 0 | O85: ARS | R85: =IF(AND(P85>0,Q85>0),ROUND((1-Q85/P85)*100,0),0) -> 0 | AA85: =SUBSTITUTE(F85, " ", "_") -> MAQUILLAJE | AB85: =SUBSTITUTE(F85&"_"&G85, " ", "_") -> MAQUILLAJE_
A86: 4836 | C86: REVLON DEL CEJAS COL | D86: Revlon | E86: Perfumería | F86: MAQUILLAJE | I86: REVLON DEL CEJAS COL | L86: FALSE | M86: TRUE | N86: 0 | O86: ARS | R86: =IF(AND(P86>0,Q86>0),ROUND((1-Q86/P86)*100,0),0) -> 0 | AA86: =SUBSTITUTE(F86, " ", "_") -> MAQUILLAJE | AB86: =SUBSTITUTE(F86&"_"&G86, " ", "_") -> MAQUILLAJE_
A87: 4837 | B87: 309970050566 | C87: REVLON COLORSTAY BROW FIBER FILLER DARK BROWN | D87: Revlon | E87: Perfumería | F87: MAQUILLAJE | I87: REVLON COLORSTAY BROW FIBER FILLER DARK BROWN | L87: FALSE | M87: TRUE | N87: 0 | O87: ARS | R87: =IF(AND(P87>0,Q87>0),ROUND((1-Q87/P87)*100,0),0) -> 0 | AA87: =SUBSTITUTE(F87, " ", "_") -> MAQUILLAJE | AB87: =SUBSTITUTE(F87&"_"&G87, " ", "_") -> MAQUILLAJE_
A88: 4838 | B88: 309970050559 | C88: REVLON COLORSTAY BROW FIBER FILLER MEDIUM BROWN | D88: Revlon | E88: Perfumería | F88: MAQUILLAJE | I88: REVLON COLORSTAY BROW FIBER FILLER MEDIUM BROWN | L88: FALSE | M88: TRUE | N88: 0 | O88: ARS | R88: =IF(AND(P88>0,Q88>0),ROUND((1-Q88/P88)*100,0),0) -> 0 | AA88: =SUBSTITUTE(F88, " ", "_") -> MAQUILLAJE | AB88: =SUBSTITUTE(F88&"_"&G88, " ", "_") -> MAQUILLAJE_
A89: 4839 | C89: REVLON DEL CEJAS MOUS SOFT BR | D89: Revlon | E89: Perfumería | F89: MAQUILLAJE | I89: REVLON DEL CEJAS MOUS SOFT BR | L89: FALSE | M89: TRUE | N89: 0 | O89: ARS | R89: =IF(AND(P89>0,Q89>0),ROUND((1-Q89/P89)*100,0),0) -> 0 | AA89: =SUBSTITUTE(F89, " ", "_") -> MAQUILLAJE | AB89: =SUBSTITUTE(F89&"_"&G89, " ", "_") -> MAQUILLAJE_
A90: 4840 | B90: 309975822267 | C90: REVLON COLORSTAY LONGWEAR LIP LINER NATURAL | D90: Revlon | E90: Perfumería | F90: MAQUILLAJE | I90: REVLON COLORSTAY LONGWEAR LIP LINER NATURAL | J90: Delineador de labios retráctil que provee larga duración y ayuda a que el color de los labios dure más tiempo.Logra un color intenso y definición durante horas y horas con nuestro delineador de labios de larga duración. Larga duración Retráctil Contiene sacapuntas Disponible en 6 tonos | L90: FALSE | M90: TRUE | N90: 0 | O90: ARS | R90: =IF(AND(P90>0,Q90>0),ROUND((1-Q90/P90)*100,0),0) -> 0 | AA90: =SUBSTITUTE(F90, " ", "_") -> MAQUILLAJE | AB90: =SUBSTITUTE(F90&"_"&G90, " ", "_") -> MAQUILLAJE_
A91: 4841 | B91: 309974172011 | C91: REVLON COLORSTAY LONGWEAR LIP LINER NUDE | D91: Revlon | E91: Perfumería | F91: MAQUILLAJE | I91: REVLON COLORSTAY LONGWEAR LIP LINER NUDE | L91: FALSE | M91: TRUE | N91: 0 | O91: ARS | R91: =IF(AND(P91>0,Q91>0),ROUND((1-Q91/P91)*100,0),0) -> 0 | AA91: =SUBSTITUTE(F91, " ", "_") -> MAQUILLAJE | AB91: =SUBSTITUTE(F91&"_"&G91, " ", "_") -> MAQUILLAJE_
A92: 4842 | B92: 309974172134 | C92: REVLON COLORSTAY LONGWEAR LIP LINER PLUM | D92: Revlon | E92: Perfumería | F92: MAQUILLAJE | I92: REVLON COLORSTAY LONGWEAR LIP LINER PLUM | L92: FALSE | M92: TRUE | N92: 0 | O92: ARS | R92: =IF(AND(P92>0,Q92>0),ROUND((1-Q92/P92)*100,0),0) -> 0 | AA92: =SUBSTITUTE(F92, " ", "_") -> MAQUILLAJE | AB92: =SUBSTITUTE(F92&"_"&G92, " ", "_") -> MAQUILLAJE_
A93: 4843 | B93: 309974172226 | C93: REVLON COLORSTAY LONGWEAR LIP LINER RED | D93: Revlon | E93: Perfumería | F93: MAQUILLAJE | I93: REVLON COLORSTAY LONGWEAR LIP LINER RED | L93: FALSE | M93: TRUE | N93: 0 | O93: ARS | R93: =IF(AND(P93>0,Q93>0),ROUND((1-Q93/P93)*100,0),0) -> 0 | AA93: =SUBSTITUTE(F93, " ", "_") -> MAQUILLAJE | AB93: =SUBSTITUTE(F93&"_"&G93, " ", "_") -> MAQUILLAJE_
A94: 4844 | B94: 309975822243 | C94: REVLON COLORSTAY LONGWEAR LIP LINER ROSE FARD | D94: Revlon | E94: Perfumería | F94: MAQUILLAJE | I94: REVLON COLORSTAY LONGWEAR LIP LINER ROSE FARD | L94: FALSE | M94: TRUE | N94: 0 | O94: ARS | R94: =IF(AND(P94>0,Q94>0),ROUND((1-Q94/P94)*100,0),0) -> 0 | AA94: =SUBSTITUTE(F94, " ", "_") -> MAQUILLAJE | AB94: =SUBSTITUTE(F94&"_"&G94, " ", "_") -> MAQUILLAJE_
A95: 4845 | B95: 309974172073 | C95: REVLON COLORSTAY LONGWEAR LIP LINER SIENA | D95: Revlon | E95: Perfumería | F95: MAQUILLAJE | I95: REVLON COLORSTAY LONGWEAR LIP LINER SIENA | L95: FALSE | M95: TRUE | N95: 0 | O95: ARS | R95: =IF(AND(P95>0,Q95>0),ROUND((1-Q95/P95)*100,0),0) -> 0 | AA95: =SUBSTITUTE(F95, " ", "_") -> MAQUILLAJE | AB95: =SUBSTITUTE(F95&"_"&G95, " ", "_") -> MAQUILLAJE_
A96: 4846 | C96: REVLON DEL LIQ | D96: Revlon | E96: Perfumería | F96: MAQUILLAJE | I96: REVLON DEL LIQ | L96: FALSE | M96: TRUE | N96: 0 | O96: ARS | R96: =IF(AND(P96>0,Q96>0),ROUND((1-Q96/P96)*100,0),0) -> 0 | AA96: =SUBSTITUTE(F96, " ", "_") -> MAQUILLAJE | AB96: =SUBSTITUTE(F96&"_"&G96, " ", "_") -> MAQUILLAJE_
A97: 4847 | B97: 309974209014 | C97: REVLON COLORSTAY LIQUID EYELINER | D97: Revlon | E97: Perfumería | F97: MAQUILLAJE | I97: REVLON COLORSTAY LIQUID EYELINER | J97: Delineador líquido clásico ColorStay™ te permite enfatizar tus ojos con looks ultra-finos o dramáticamente atrevidos que duran hasta 16 horas.Delineador líquido para ojos con punta fina de larga duración. La punta fina permite sentir el control ya sea cuando se busca dibujar líneas delgadas como cuando se buscan más gruesas. Oftalmológicamente comprobado. Duración hasta por 16 horas | L97: FALSE | M97: TRUE | N97: 0 | O97: ARS | R97: =IF(AND(P97>0,Q97>0),ROUND((1-Q97/P97)*100,0),0) -> 0 | AA97: =SUBSTITUTE(F97, " ", "_") -> MAQUILLAJE | AB97: =SUBSTITUTE(F97&"_"&G97, " ", "_") -> MAQUILLAJE_
A98: 4848 | B98: 309970206093 | C98: REVLON COLORSTAY MICRO LINER EASY PRECISION MARRON | D98: Revlon | E98: Perfumería | F98: MAQUILLAJE | I98: REVLON COLORSTAY MICRO LINER EASY PRECISION MARRON | J98: Su punta ultraprecisa de 0,1 mm y su fórmula de alta pigmentación de larga duración (24 horas) garantizan una aplicación precisa y sencilla. Tanto si buscas una definición natural como si quieres lucir las últimas tendencias en delineado, este será tu nuevo imprescindible.Punta micro de 0,1 mm flexible, fácil de usar sin tirones. Resistente a las manchas, a la transferencia, al sudor y a la decoloración. Fácil de eliminar con agua tibia y jabón. Hasta 24 horas de uso | L98: FALSE | M98: TRUE | N98: 0 | O98: ARS | R98: =IF(AND(P98>0,Q98>0),ROUND((1-Q98/P98)*100,0),0) -> 0 | AA98: =SUBSTITUTE(F98, " ", "_") -> MAQUILLAJE | AB98: =SUBSTITUTE(F98&"_"&G98, " ", "_") -> MAQUILLAJE_
A99: 4849 | B99: 309970206079 | C99: REVLON COLORSTAY MICRO LINER EASY PRECISION NEGRO | D99: Revlon | E99: Perfumería | F99: MAQUILLAJE | I99: REVLON COLORSTAY MICRO LINER EASY PRECISION NEGRO | L99: FALSE | M99: TRUE | N99: 0 | O99: ARS | R99: =IF(AND(P99>0,Q99>0),ROUND((1-Q99/P99)*100,0),0) -> 0 | AA99: =SUBSTITUTE(F99, " ", "_") -> MAQUILLAJE | AB99: =SUBSTITUTE(F99&"_"&G99, " ", "_") -> MAQUILLAJE_
A100: 4850 | C100: REVLON DEL LIQ OJ EXAC MERM | D100: Revlon | E100: Perfumería | F100: MAQUILLAJE | I100: REVLON DEL LIQ OJ EXAC MERM | L100: FALSE | M100: TRUE | N100: 0 | O100: ARS | R100: =IF(AND(P100>0,Q100>0),ROUND((1-Q100/P100)*100,0),0) -> 0 | AA100: =SUBSTITUTE(F100, " ", "_") -> MAQUILLAJE | AB100: =SUBSTITUTE(F100&"_"&G100, " ", "_") -> MAQUILLAJE_
...

Sheet 🔗 Variantes
A1: 🔗 MARYBE — Variantes exportadas
A2: ⚠ Una fila por variante. "producto_padre_id" debe coincidir con el "ID Original" de la hoja Productos. Columnas C e I son calculadas automáticamente.
A3: ID Variante * | B3: ID Producto Padre * | C3: Nombre Producto Padre 🔒 | D3: SKU / EAN | E3: Volumen / Tamaño | F3: Stock | G3: Precio * | H3: Precio Oferta | I3: % Descuento 🔒 | J3: Publicado | K3: Envío | L3: 🎨 Color
A4: 13900 | B4: 4752 | C4: =IF(B4<>"",IFERROR(VLOOKUP(B4,'📦 Productos'!A:C,3,FALSE),""),"") -> KENZO INDIGO POUR HOMME EDP | D4: 3274872495852 | E4: 60 ml | F4: 0 | G4: 196000 | I4: =IF(AND(G4>0,H4>0),ROUND((1-H4/G4)*100,0),0) -> 0 | J4: TRUE | K4: 1
A5: 13901 | B5: 4752 | C5: =IF(B5<>"",IFERROR(VLOOKUP(B5,'📦 Productos'!A:C,3,FALSE),""),"") -> KENZO INDIGO POUR HOMME EDP | D5: 3274872490529 | E5: 110 ml | F5: 0 | G5: 258000 | I5: =IF(AND(G5>0,H5>0),ROUND((1-H5/G5)*100,0),0) -> 0 | J5: TRUE | K5: 1
A6: 13905 | B6: 4754 | C6: =IF(B6<>"",IFERROR(VLOOKUP(B6,'📦 Productos'!A:C,3,FALSE),""),"") -> KENZO AQUA FEMME EDT | D6: 3274872357129 | E6: 30 ml | F6: 0 | G6: 105000 | I6: =IF(AND(G6>0,H6>0),ROUND((1-H6/G6)*100,0),0) -> 0 | J6: TRUE | K6: 1
A7: 13906 | B7: 4754 | C7: =IF(B7<>"",IFERROR(VLOOKUP(B7,'📦 Productos'!A:C,3,FALSE),""),"") -> KENZO AQUA FEMME EDT | D7: 3274872357143 | E7: 100 ml | F7: 0 | G7: 218000 | I7: =IF(AND(G7>0,H7>0),ROUND((1-H7/G7)*100,0),0) -> 0 | J7: TRUE | K7: 1
A8: 13907 | B8: 4754 | C8: =IF(B8<>"",IFERROR(VLOOKUP(B8,'📦 Productos'!A:C,3,FALSE),""),"") -> KENZO AQUA FEMME EDT | D8: 3274872357136 | E8: 50 ml | F8: 0 | G8: 150000 | I8: =IF(AND(G8>0,H8>0),ROUND((1-H8/G8)*100,0),0) -> 0 | J8: TRUE | K8: 1
A9: 13908 | B9: 4755 | C9: =IF(B9<>"",IFERROR(VLOOKUP(B9,'📦 Productos'!A:C,3,FALSE),""),"") -> KENZO AQUA HOMME EDT | D9: 3274872357228 | E9: 100 ml | F9: 0 | G9: 218000 | I9: =IF(AND(G9>0,H9>0),ROUND((1-H9/G9)*100,0),0) -> 0 | J9: TRUE | K9: 1
A10: 13909 | B10: 4755 | C10: =IF(B10<>"",IFERROR(VLOOKUP(B10,'📦 Productos'!A:C,3,FALSE),""),"") -> KENZO AQUA HOMME EDT | D10: 3274872357204 | E10: 30 ml | F10: 0 | G10: 105000 | I10: =IF(AND(G10>0,H10>0),ROUND((1-H10/G10)*100,0),0) -> 0 | J10: TRUE | K10: 1
A11: 13910 | B11: 4755 | C11: =IF(B11<>"",IFERROR(VLOOKUP(B11,'📦 Productos'!A:C,3,FALSE),""),"") -> KENZO AQUA HOMME EDT | D11: 3274872357211 | E11: 50 ml | F11: 0 | G11: 150000 | I11: =IF(AND(G11>0,H11>0),ROUND((1-H11/G11)*100,0),0) -> 0 | J11: TRUE | K11: 1
A12: 13911 | B12: 4756 | C12: =IF(B12<>"",IFERROR(VLOOKUP(B12,'📦 Productos'!A:C,3,FALSE),""),"") -> KENZO D ETE | D12: 3274872430587 | E12: 75 | F12: 0 | G12: 268000 | H12: 166160 | I12: =IF(AND(G12>0,H12>0),ROUND((1-H12/G12)*100,0),0) -> 38 | J12: TRUE | K12: 1
A13: 13912 | B13: 4757 | C13: =IF(B13<>"",IFERROR(VLOOKUP(B13,'📦 Productos'!A:C,3,FALSE),""),"") -> KENZO FLOWER POPPY BOUQUET EDP | D13: 3274872406216 | E13: 100 ml | F13: 0 | G13: 301000 | I13: =IF(AND(G13>0,H13>0),ROUND((1-H13/G13)*100,0),0) -> 0 | J13: TRUE | K13: 1
A14: 13913 | B14: 4757 | C14: =IF(B14<>"",IFERROR(VLOOKUP(B14,'📦 Productos'!A:C,3,FALSE),""),"") -> KENZO FLOWER POPPY BOUQUET EDP | D14: 3274872406193 | E14: 30 ml | F14: 0 | G14: 162000 | I14: =IF(AND(G14>0,H14>0),ROUND((1-H14/G14)*100,0),0) -> 0 | J14: TRUE | K14: 1
A15: 13914 | B15: 4757 | C15: =IF(B15<>"",IFERROR(VLOOKUP(B15,'📦 Productos'!A:C,3,FALSE),""),"") -> KENZO FLOWER POPPY BOUQUET EDP | D15: 3274872406209 | E15: 50 ml | F15: 0 | G15: 231000 | I15: =IF(AND(G15>0,H15>0),ROUND((1-H15/G15)*100,0),0) -> 0 | J15: TRUE | K15: 1
A16: 13915 | B16: 4757 | C16: =IF(B16<>"",IFERROR(VLOOKUP(B16,'📦 Productos'!A:C,3,FALSE),""),"") -> KENZO FLOWER POPPY BOUQUET EDP | D16: 3274872462281 | E16: 30 ml | F16: 0 | G16: 162000 | H16: 119880 | I16: =IF(AND(G16>0,H16>0),ROUND((1-H16/G16)*100,0),0) -> 26 | J16: TRUE | K16: 1
A17: 13916 | B17: 4757 | C17: =IF(B17<>"",IFERROR(VLOOKUP(B17,'📦 Productos'!A:C,3,FALSE),""),"") -> KENZO FLOWER POPPY BOUQUET EDP | D17: 3274872462298 | E17: 50 ml | F17: 0 | G17: 231000 | I17: =IF(AND(G17>0,H17>0),ROUND((1-H17/G17)*100,0),0) -> 0 | J17: TRUE | K17: 1
A18: 13917 | B18: 4758 | C18: =IF(B18<>"",IFERROR(VLOOKUP(B18,'📦 Productos'!A:C,3,FALSE),""),"") -> KENZO FLOWER POPPY BOUQUET EDT | D18: 3274872439603 | E18: 50 ml | F18: 0 | G18: 151500 | H18: 121200 | I18: =IF(AND(G18>0,H18>0),ROUND((1-H18/G18)*100,0),0) -> 20 | J18: TRUE | K18: 1
A19: 13918 | B19: 4759 | C19: =IF(B19<>"",IFERROR(VLOOKUP(B19,'📦 Productos'!A:C,3,FALSE),""),"") -> KENZO FLOWER L ABSOLUE EDP | D19: 3274872441798 | E19: 100 ml | F19: 0 | G19: 247700 | I19: =IF(AND(G19>0,H19>0),ROUND((1-H19/G19)*100,0),0) -> 0 | J19: TRUE | K19: 1
A20: 13919 | B20: 4759 | C20: =IF(B20<>"",IFERROR(VLOOKUP(B20,'📦 Productos'!A:C,3,FALSE),""),"") -> KENZO FLOWER L ABSOLUE EDP | D20: 3274872441774 | E20: 30 ml | F20: 0 | G20: 141000 | I20: =IF(AND(G20>0,H20>0),ROUND((1-H20/G20)*100,0),0) -> 0 | J20: TRUE | K20: 1
A21: 13920 | B21: 4759 | C21: =IF(B21<>"",IFERROR(VLOOKUP(B21,'📦 Productos'!A:C,3,FALSE),""),"") -> KENZO FLOWER L ABSOLUE EDP | D21: 3274872441781 | E21: 50 ml | F21: 0 | G21: 196400 | I21: =IF(AND(G21>0,H21>0),ROUND((1-H21/G21)*100,0),0) -> 0 | J21: TRUE | K21: 1
A22: 13921 | B22: 4760 | C22: =IF(B22<>"",IFERROR(VLOOKUP(B22,'📦 Productos'!A:C,3,FALSE),""),"") -> KENZO FLOWER CHERRY POPPY EDP | D22: 3274872480452 | E22: 100 ml | F22: 0 | G22: 240000 | I22: =IF(AND(G22>0,H22>0),ROUND((1-H22/G22)*100,0),0) -> 0 | J22: TRUE | K22: 1
A23: 13922 | B23: 4760 | C23: =IF(B23<>"",IFERROR(VLOOKUP(B23,'📦 Productos'!A:C,3,FALSE),""),"") -> KENZO FLOWER CHERRY POPPY EDP | D23: 3274872480476 | E23: 30 ml | F23: 0 | G23: 130000 | I23: =IF(AND(G23>0,H23>0),ROUND((1-H23/G23)*100,0),0) -> 0 | J23: TRUE | K23: 1
A24: 13923 | B24: 4760 | C24: =IF(B24<>"",IFERROR(VLOOKUP(B24,'📦 Productos'!A:C,3,FALSE),""),"") -> KENZO FLOWER CHERRY POPPY EDP | D24: 3274872480469 | E24: 50 ml | F24: 0 | G24: 183000 | I24: =IF(AND(G24>0,H24>0),ROUND((1-H24/G24)*100,0),0) -> 0 | J24: TRUE | K24: 1
A25: 13924 | B25: 4761 | C25: =IF(B25<>"",IFERROR(VLOOKUP(B25,'📦 Productos'!A:C,3,FALSE),""),"") -> KENZO FLOWER EDP X 100 ml (RECARGABLE) | D25: 3274872427204 | F25: 0 | G25: 299000 | I25: =IF(AND(G25>0,H25>0),ROUND((1-H25/G25)*100,0),0) -> 0 | J25: TRUE | K25: 1
A26: 13925 | B26: 4762 | C26: =IF(B26<>"",IFERROR(VLOOKUP(B26,'📦 Productos'!A:C,3,FALSE),""),"") -> KENZO FLOWER EDP X 100 + CREMA CUERPO + CREMA MANOS | D26: 3274872454590 | F26: 0 | G26: 299000 | I26: =IF(AND(G26>0,H26>0),ROUND((1-H26/G26)*100,0),0) -> 0 | J26: TRUE | K26: 1
A27: 13926 | B27: 4763 | C27: =IF(B27<>"",IFERROR(VLOOKUP(B27,'📦 Productos'!A:C,3,FALSE),""),"") -> KENZO FLOWER EDP X 100 + CREMA CUERPO + EDP | D27: 3274872481336 | E27: 10 ml | F27: 0 | G27: 299000 | I27: =IF(AND(G27>0,H27>0),ROUND((1-H27/G27)*100,0),0) -> 0 | J27: TRUE | K27: 1
A28: 13927 | B28: 4764 | C28: =IF(B28<>"",IFERROR(VLOOKUP(B28,'📦 Productos'!A:C,3,FALSE),""),"") -> KENZO FLOWER EDP X 200 ml TUBO RECARGA | D28: 3274872427211 | F28: 0 | G28: 315000 | I28: =IF(AND(G28>0,H28>0),ROUND((1-H28/G28)*100,0),0) -> 0 | J28: TRUE | K28: 1
A29: 13928 | B29: 4765 | C29: =IF(B29<>"",IFERROR(VLOOKUP(B29,'📦 Productos'!A:C,3,FALSE),""),"") -> KENZO FLOWER EDP | D29: 3274872404175 | E29: 50 ml | F29: 0 | G29: 230000 | I29: =IF(AND(G29>0,H29>0),ROUND((1-H29/G29)*100,0),0) -> 0 | J29: TRUE | K29: 1
A30: 13929 | B30: 4765 | C30: =IF(B30<>"",IFERROR(VLOOKUP(B30,'📦 Productos'!A:C,3,FALSE),""),"") -> KENZO FLOWER EDP | D30: 3274872404113 | E30: 30 ml | F30: 0 | G30: 162000 | I30: =IF(AND(G30>0,H30>0),ROUND((1-H30/G30)*100,0),0) -> 0 | J30: TRUE | K30: 1
A31: 13930 | B31: 4766 | C31: =IF(B31<>"",IFERROR(VLOOKUP(B31,'📦 Productos'!A:C,3,FALSE),""),"") -> KENZO FLOWER EDP X 50 ml + CREMA CUERPO + EDP | D31: 3274872497733 | E31: 10 ml | F31: 0 | G31: 230000 | I31: =IF(AND(G31>0,H31>0),ROUND((1-H31/G31)*100,0),0) -> 0 | J31: TRUE | K31: 1
A32: 13931 | B32: 4767 | C32: =IF(B32<>"",IFERROR(VLOOKUP(B32,'📦 Productos'!A:C,3,FALSE),""),"") -> KENZO FLOWER EDT | D32: 3274872420359 | E32: 100 ml | F32: 0 | G32: 194500 | H32: 155600 | I32: =IF(AND(G32>0,H32>0),ROUND((1-H32/G32)*100,0),0) -> 20 | J32: TRUE | K32: 1
A33: 13932 | B33: 4767 | C33: =IF(B33<>"",IFERROR(VLOOKUP(B33,'📦 Productos'!A:C,3,FALSE),""),"") -> KENZO FLOWER EDT | D33: 3274872420342 | E33: 50 ml | F33: 0 | G33: 151500 | H33: 121200 | I33: =IF(AND(G33>0,H33>0),ROUND((1-H33/G33)*100,0),0) -> 20 | J33: TRUE | K33: 1
A34: 13933 | B34: 4768 | C34: =IF(B34<>"",IFERROR(VLOOKUP(B34,'📦 Productos'!A:C,3,FALSE),""),"") -> KENZO FLOWER IKEBANA MIMOSA EDP | D34: 3274872469365 | E34: 40 ml | F34: 0 | G34: 210000 | I34: =IF(AND(G34>0,H34>0),ROUND((1-H34/G34)*100,0),0) -> 0 | J34: TRUE | K34: 1
A35: 13934 | B35: 4768 | C35: =IF(B35<>"",IFERROR(VLOOKUP(B35,'📦 Productos'!A:C,3,FALSE),""),"") -> KENZO FLOWER IKEBANA MIMOSA EDP | D35: 3274872469372 | E35: 75 ml | F35: 0 | G35: 257000 | I35: =IF(AND(G35>0,H35>0),ROUND((1-H35/G35)*100,0),0) -> 0 | J35: TRUE | K35: 1
A36: 13935 | B36: 4769 | C36: =IF(B36<>"",IFERROR(VLOOKUP(B36,'📦 Productos'!A:C,3,FALSE),""),"") -> KENZO FLOWER IKEBANA EDP | D36: 3274872454460 | E36: 40 ml | F36: 0 | G36: 210000 | H36: 144900 | I36: =IF(AND(G36>0,H36>0),ROUND((1-H36/G36)*100,0),0) -> 31 | J36: TRUE | K36: 1
A37: 13936 | B37: 4769 | C37: =IF(B37<>"",IFERROR(VLOOKUP(B37,'📦 Productos'!A:C,3,FALSE),""),"") -> KENZO FLOWER IKEBANA EDP | D37: 3274872454477 | E37: 75 ml | F37: 0 | G37: 257000 | H37: 174760 | I37: =IF(AND(G37>0,H37>0),ROUND((1-H37/G37)*100,0),0) -> 32 | J37: TRUE | K37: 1
A38: 13937 | B38: 4770 | C38: =IF(B38<>"",IFERROR(VLOOKUP(B38,'📦 Productos'!A:C,3,FALSE),""),"") -> KENZO FLOWER IKEBANA EDP X 75 ml + EDP | D38: 3274872464117 | E38: 10 ml | F38: 0 | G38: 257000 | I38: =IF(AND(G38>0,H38>0),ROUND((1-H38/G38)*100,0),0) -> 0 | J38: TRUE | K38: 1
A39: 13938 | B39: 4771 | C39: =IF(B39<>"",IFERROR(VLOOKUP(B39,'📦 Productos'!A:C,3,FALSE),""),"") -> KENZO FLOWER IKEBANA EDP X 75 ml + CREMA CUERPO + EDP | D39: 3274872467552 | E39: 10 ml | F39: 0 | G39: 257000 | I39: =IF(AND(G39>0,H39>0),ROUND((1-H39/G39)*100,0),0) -> 0 | J39: TRUE | K39: 1
A40: 13939 | B40: 4772 | C40: =IF(B40<>"",IFERROR(VLOOKUP(B40,'📦 Productos'!A:C,3,FALSE),""),"") -> KENZO FLOWER IKEBANA INDIGO EDP | D40: 3274872480711 | E40: 40 ml | F40: 0 | G40: 210000 | H40: 117600 | I40: =IF(AND(G40>0,H40>0),ROUND((1-H40/G40)*100,0),0) -> 44 | J40: TRUE | K40: 1
A41: 13940 | B41: 4772 | C41: =IF(B41<>"",IFERROR(VLOOKUP(B41,'📦 Productos'!A:C,3,FALSE),""),"") -> KENZO FLOWER IKEBANA INDIGO EDP | D41: 3274872480728 | E41: 75 ml | F41: 0 | G41: 257000 | H41: 141350 | I41: =IF(AND(G41>0,H41>0),ROUND((1-H41/G41)*100,0),0) -> 45 | J41: TRUE | K41: 1
A42: 13941 | B42: 4773 | C42: =IF(B42<>"",IFERROR(VLOOKUP(B42,'📦 Productos'!A:C,3,FALSE),""),"") -> KENZO FLOWER LA RECOLTE PARISIENNE EDP | D42: 3274872477827 | E42: 40 ml | F42: 0 | G42: 165300 | H42: 132240 | I42: =IF(AND(G42>0,H42>0),ROUND((1-H42/G42)*100,0),0) -> 20 | J42: TRUE | K42: 1
A43: 13942 | B43: 4773 | C43: =IF(B43<>"",IFERROR(VLOOKUP(B43,'📦 Productos'!A:C,3,FALSE),""),"") -> KENZO FLOWER LA RECOLTE PARISIENNE EDP | D43: 3274872467361 | E43: 75 ml | F43: 0 | G43: 198500 | I43: =IF(AND(G43>0,H43>0),ROUND((1-H43/G43)*100,0),0) -> 0 | J43: TRUE | K43: 1
A44: 13943 | B44: 4774 | C44: =IF(B44<>"",IFERROR(VLOOKUP(B44,'📦 Productos'!A:C,3,FALSE),""),"") -> KENZO HOMME EDP | D44: 3274872423398 | E44: 110 ml | F44: 0 | G44: 275000 | I44: =IF(AND(G44>0,H44>0),ROUND((1-H44/G44)*100,0),0) -> 0 | J44: TRUE | K44: 1
A45: 13944 | B45: 4774 | C45: =IF(B45<>"",IFERROR(VLOOKUP(B45,'📦 Productos'!A:C,3,FALSE),""),"") -> KENZO HOMME EDP | D45: 3274872423381 | E45: 60 ml | F45: 0 | G45: 212000 | I45: =IF(AND(G45>0,H45>0),ROUND((1-H45/G45)*100,0),0) -> 0 | J45: TRUE | K45: 1
A46: 13945 | B46: 4775 | C46: =IF(B46<>"",IFERROR(VLOOKUP(B46,'📦 Productos'!A:C,3,FALSE),""),"") -> KENZO HOMME INTENSE EDT | D46: 3274872421554 | E46: 110 ml | F46: 0 | G46: 258000 | I46: =IF(AND(G46>0,H46>0),ROUND((1-H46/G46)*100,0),0) -> 0 | J46: TRUE | K46: 1
A47: 13946 | B47: 4775 | C47: =IF(B47<>"",IFERROR(VLOOKUP(B47,'📦 Productos'!A:C,3,FALSE),""),"") -> KENZO HOMME INTENSE EDT | D47: 3274872421547 | E47: 60 ml | F47: 0 | G47: 196000 | I47: =IF(AND(G47>0,H47>0),ROUND((1-H47/G47)*100,0),0) -> 0 | J47: TRUE | K47: 1
A48: 13947 | B48: 4775 | C48: =IF(B48<>"",IFERROR(VLOOKUP(B48,'📦 Productos'!A:C,3,FALSE),""),"") -> KENZO HOMME INTENSE EDT | D48: 3274872421530 | E48: 40 ml | F48: 0 | G48: 140000 | I48: =IF(AND(G48>0,H48>0),ROUND((1-H48/G48)*100,0),0) -> 0 | J48: TRUE | K48: 1
A49: 13948 | B49: 4776 | C49: =IF(B49<>"",IFERROR(VLOOKUP(B49,'📦 Productos'!A:C,3,FALSE),""),"") -> KENZO HOMME INTENSE EDT X 110 + GEL DUCHA + EDT | D49: 3274872464155 | E49: 10 ml | F49: 0 | G49: 258000 | I49: =IF(AND(G49>0,H49>0),ROUND((1-H49/G49)*100,0),0) -> 0 | J49: TRUE | K49: 1
A50: 13949 | B50: 4776 | C50: =IF(B50<>"",IFERROR(VLOOKUP(B50,'📦 Productos'!A:C,3,FALSE),""),"") -> KENZO HOMME INTENSE EDT X 110 + GEL DUCHA + EDT | D50: 3274872481374 | E50: 10 ml | F50: 0 | G50: 258000 | I50: =IF(AND(G50>0,H50>0),ROUND((1-H50/G50)*100,0),0) -> 0 | J50: TRUE | K50: 1
A51: 13950 | B51: 4777 | C51: =IF(B51<>"",IFERROR(VLOOKUP(B51,'📦 Productos'!A:C,3,FALSE),""),"") -> KENZO HOMME SANTAL MARINE EDT | D51: 3274872476905 | E51: 110 ml | F51: 0 | G51: 196000 | H51: 137200 | I51: =IF(AND(G51>0,H51>0),ROUND((1-H51/G51)*100,0),0) -> 30 | J51: TRUE | K51: 1
A52: 13951 | B52: 4778 | C52: =IF(B52<>"",IFERROR(VLOOKUP(B52,'📦 Productos'!A:C,3,FALSE),""),"") -> KENZO JUNGLE FEMME EDP | D52: 3274872289994 | E52: 100 ml | F52: 0 | G52: 278000 | I52: =IF(AND(G52>0,H52>0),ROUND((1-H52/G52)*100,0),0) -> 0 | J52: TRUE | K52: 1
A53: 13952 | B53: 4779 | C53: =IF(B53<>"",IFERROR(VLOOKUP(B53,'📦 Productos'!A:C,3,FALSE),""),"") -> KENZO L EAU POUR HOMME EDT | D53: 3274872444584 | E53: 100 ml | F53: 0 | G53: 218000 | I53: =IF(AND(G53>0,H53>0),ROUND((1-H53/G53)*100,0),0) -> 0 | J53: TRUE | K53: 1
A54: 13953 | B54: 4780 | C54: =IF(B54<>"",IFERROR(VLOOKUP(B54,'📦 Productos'!A:C,3,FALSE),""),"") -> KENZO LE ROUGE FLOWER | D54: 3274872505759 | E54: 100ml | F54: 0 | G54: 299000 | I54: =IF(AND(G54>0,H54>0),ROUND((1-H54/G54)*100,0),0) -> 0 | J54: TRUE | K54: 1
A55: 13954 | B55: 4780 | C55: =IF(B55<>"",IFERROR(VLOOKUP(B55,'📦 Productos'!A:C,3,FALSE),""),"") -> KENZO LE ROUGE FLOWER | D55: 3274872505742 | E55: 30 ml | F55: 0 | G55: 162000 | I55: =IF(AND(G55>0,H55>0),ROUND((1-H55/G55)*100,0),0) -> 0 | J55: TRUE | K55: 1
A56: 13955 | B56: 4780 | C56: =IF(B56<>"",IFERROR(VLOOKUP(B56,'📦 Productos'!A:C,3,FALSE),""),"") -> KENZO LE ROUGE FLOWER | D56: 3274872505735 | E56: 50 ml | F56: 0 | G56: 230000 | I56: =IF(AND(G56>0,H56>0),ROUND((1-H56/G56)*100,0),0) -> 0 | J56: TRUE | K56: 1
A57: 13956 | B57: 4781 | C57: =IF(B57<>"",IFERROR(VLOOKUP(B57,'📦 Productos'!A:C,3,FALSE),""),"") -> KENZO HOMME INTENSE EDT X 110 + GEL DUCHA + EDT INT | D57: 3274872497801 | E57: 10 ml | F57: 0 | G57: 258000 | I57: =IF(AND(G57>0,H57>0),ROUND((1-H57/G57)*100,0),0) -> 0 | J57: TRUE | K57: 1
A58: 13957 | B58: 4782 | C58: =IF(B58<>"",IFERROR(VLOOKUP(B58,'📦 Productos'!A:C,3,FALSE),""),"") -> KENZO HOMME EDT | D58: 3274872423329 | E58: 60 ml | F58: 0 | G58: 186000 | I58: =IF(AND(G58>0,H58>0),ROUND((1-H58/G58)*100,0),0) -> 0 | J58: TRUE | K58: 1
A59: 13958 | B59: 4782 | C59: =IF(B59<>"",IFERROR(VLOOKUP(B59,'📦 Productos'!A:C,3,FALSE),""),"") -> KENZO HOMME EDT | D59: 3274872423336 | E59: 110 ml | F59: 0 | G59: 245000 | H59: 154350 | I59: =IF(AND(G59>0,H59>0),ROUND((1-H59/G59)*100,0),0) -> 37 | J59: TRUE | K59: 1
A60: 13959 | B60: 4782 | C60: =IF(B60<>"",IFERROR(VLOOKUP(B60,'📦 Productos'!A:C,3,FALSE),""),"") -> KENZO HOMME EDT | D60: 3274872423312 | E60: 40 ml | F60: 0 | G60: 135000 | I60: =IF(AND(G60>0,H60>0),ROUND((1-H60/G60)*100,0),0) -> 0 | J60: TRUE | K60: 1
A61: 13960 | B61: 4783 | C61: =IF(B61<>"",IFERROR(VLOOKUP(B61,'📦 Productos'!A:C,3,FALSE),""),"") -> KENZO HOMME EDT X 110 + GEL DUCHA + EDT | D61: 3274872466982 | E61: 10 ml | F61: 0 | G61: 245000 | I61: =IF(AND(G61>0,H61>0),ROUND((1-H61/G61)*100,0),0) -> 0 | J61: TRUE | K61: 1
A62: 13961 | B62: 4783 | C62: =IF(B62<>"",IFERROR(VLOOKUP(B62,'📦 Productos'!A:C,3,FALSE),""),"") -> KENZO HOMME EDT X 110 + GEL DUCHA + EDT | D62: 3274872464148 | E62: 10 ml | F62: 0 | G62: 245000 | I62: =IF(AND(G62>0,H62>0),ROUND((1-H62/G62)*100,0),0) -> 0 | J62: TRUE | K62: 1
A63: 13962 | B63: 4784 | C63: =IF(B63<>"",IFERROR(VLOOKUP(B63,'📦 Productos'!A:C,3,FALSE),""),"") -> KENZO HOMME MARINE EDT | D63: 3274872438088 | E63: 110 ml | F63: 0 | G63: 185900 | H63: 130130 | I63: =IF(AND(G63>0,H63>0),ROUND((1-H63/G63)*100,0),0) -> 30 | J63: TRUE | K63: 1
A64: 13963 | B64: 4784 | C64: =IF(B64<>"",IFERROR(VLOOKUP(B64,'📦 Productos'!A:C,3,FALSE),""),"") -> KENZO HOMME MARINE EDT | D64: 3274872438071 | E64: 60 ml | F64: 0 | G64: 143600 | H64: 100520 | I64: =IF(AND(G64>0,H64>0),ROUND((1-H64/G64)*100,0),0) -> 30 | J64: TRUE | K64: 1
A65: 13964 | B65: 4785 | C65: =IF(B65<>"",IFERROR(VLOOKUP(B65,'📦 Productos'!A:C,3,FALSE),""),"") -> KENZO WORLD EDP | D65: 3274872323483 | E65: 50 ml | F65: 0 | G65: 200000 | I65: =IF(AND(G65>0,H65>0),ROUND((1-H65/G65)*100,0),0) -> 0 | J65: TRUE | K65: 1
A66: 13965 | B66: 4785 | C66: =IF(B66<>"",IFERROR(VLOOKUP(B66,'📦 Productos'!A:C,3,FALSE),""),"") -> KENZO WORLD EDP | D66: 3274872323490 | E66: 75 ml | F66: 0 | G66: 272000 | I66: =IF(AND(G66>0,H66>0),ROUND((1-H66/G66)*100,0),0) -> 0 | J66: TRUE | K66: 1
A67: 13966 | B67: 4786 | C67: =IF(B67<>"",IFERROR(VLOOKUP(B67,'📦 Productos'!A:C,3,FALSE),""),"") -> KENZO L EAU FEMME EDT X 100 ml ( RECARGABLE ) | D67: 3274872440999 | F67: 0 | G67: 218000 | I67: =IF(AND(G67>0,H67>0),ROUND((1-H67/G67)*100,0),0) -> 0 | J67: TRUE | K67: 1
A68: 13967 | B68: 4787 | C68: =IF(B68<>"",IFERROR(VLOOKUP(B68,'📦 Productos'!A:C,3,FALSE),""),"") -> KENZO L EAU FEMME EDT | D68: 3274872390669 | E68: 30 ml | F68: 0 | G68: 105000 | I68: =IF(AND(G68>0,H68>0),ROUND((1-H68/G68)*100,0),0) -> 0 | J68: TRUE | K68: 1
A69: 13968 | B69: 4787 | C69: =IF(B69<>"",IFERROR(VLOOKUP(B69,'📦 Productos'!A:C,3,FALSE),""),"") -> KENZO L EAU FEMME EDT | D69: 3274872390676 | E69: 50 ml | F69: 0 | G69: 150000 | I69: =IF(AND(G69>0,H69>0),ROUND((1-H69/G69)*100,0),0) -> 0 | J69: TRUE | K69: 1
A70: 13969 | B70: 4787 | C70: =IF(B70<>"",IFERROR(VLOOKUP(B70,'📦 Productos'!A:C,3,FALSE),""),"") -> KENZO L EAU FEMME EDT | D70: 3274872421516 | E70: 50 ml | F70: 0 | G70: 150000 | I70: =IF(AND(G70>0,H70>0),ROUND((1-H70/G70)*100,0),0) -> 0 | J70: TRUE | K70: 1
A71: 13970 | B71: 4787 | C71: =IF(B71<>"",IFERROR(VLOOKUP(B71,'📦 Productos'!A:C,3,FALSE),""),"") -> KENZO L EAU FEMME EDT | D71: 3274872440975 | E71: 30 ml | F71: 0 | G71: 105000 | I71: =IF(AND(G71>0,H71>0),ROUND((1-H71/G71)*100,0),0) -> 0 | J71: TRUE | K71: 1
A72: 13971 | B72: 4787 | C72: =IF(B72<>"",IFERROR(VLOOKUP(B72,'📦 Productos'!A:C,3,FALSE),""),"") -> KENZO L EAU FEMME EDT | D72: 3274872440982 | E72: 50 ml | F72: 0 | G72: 150000 | I72: =IF(AND(G72>0,H72>0),ROUND((1-H72/G72)*100,0),0) -> 0 | J72: TRUE | K72: 1
A73: 13972 | B73: 4788 | C73: =IF(B73<>"",IFERROR(VLOOKUP(B73,'📦 Productos'!A:C,3,FALSE),""),"") -> KENZO L EAU FEMME FLORALE EDT | D73: 3274872438422 | E73: 50 ml | F73: 0 | G73: 130200 | H73: 91140 | I73: =IF(AND(G73>0,H73>0),ROUND((1-H73/G73)*100,0),0) -> 30 | J73: TRUE | K73: 1
A74: 13973 | B74: 4789 | C74: =IF(B74<>"",IFERROR(VLOOKUP(B74,'📦 Productos'!A:C,3,FALSE),""),"") -> KENZO L EAU FEMME SUNLIGHT EDT | D74: 3274872452503 | E74: 50 ml | F74: 0 | G74: 130200 | H74: 91140 | I74: =IF(AND(G74>0,H74>0),ROUND((1-H74/G74)*100,0),0) -> 30 | J74: TRUE | K74: 1
A75: 13974 | B75: 4790 | C75: =IF(B75<>"",IFERROR(VLOOKUP(B75,'📦 Productos'!A:C,3,FALSE),""),"") -> KENZO L EAU HOMME EDT | D75: 3274872390737 | E75: 50ml | F75: 0 | G75: 150000 | I75: =IF(AND(G75>0,H75>0),ROUND((1-H75/G75)*100,0),0) -> 0 | J75: TRUE | K75: 1
A76: 13975 | B76: 4790 | C76: =IF(B76<>"",IFERROR(VLOOKUP(B76,'📦 Productos'!A:C,3,FALSE),""),"") -> KENZO L EAU HOMME EDT | D76: 3274872444560 | E76: 30 ml | F76: 0 | G76: 105000 | I76: =IF(AND(G76>0,H76>0),ROUND((1-H76/G76)*100,0),0) -> 0 | J76: TRUE | K76: 1
A77: 13976 | B77: 4791 | C77: =IF(B77<>"",IFERROR(VLOOKUP(B77,'📦 Productos'!A:C,3,FALSE),""),"") -> KENZO L EAU HOMME BOISSE EDT | D77: 3274872438460 | E77: 50 ml | F77: 0 | G77: 130200 | H77: 98952 | I77: =IF(AND(G77>0,H77>0),ROUND((1-H77/G77)*100,0),0) -> 24 | J77: TRUE | K77: 1
A78: 13977 | B78: 4792 | C78: =IF(B78<>"",IFERROR(VLOOKUP(B78,'📦 Productos'!A:C,3,FALSE),""),"") -> KENZO L EAU HOMME SUNLIGHT EDT | D78: 3274872452534 | E78: 50 ml | F78: 0 | G78: 130200 | H78: 98952 | I78: =IF(AND(G78>0,H78>0),ROUND((1-H78/G78)*100,0),0) -> 24 | J78: TRUE | K78: 1
A79: 13978 | B79: 4793 | C79: =IF(B79<>"",IFERROR(VLOOKUP(B79,'📦 Productos'!A:C,3,FALSE),""),"") -> KENZO L EAU HOMME | D79: 3274872444577 | E79: 50 ml | F79: 0 | G79: 150000 | I79: =IF(AND(G79>0,H79>0),ROUND((1-H79/G79)*100,0),0) -> 0 | J79: TRUE | K79: 1
A80: 13979 | B80: 4794 | C80: =IF(B80<>"",IFERROR(VLOOKUP(B80,'📦 Productos'!A:C,3,FALSE),""),"") -> KENZO L EAU PURE AMBRE EDP | D80: 3274872511910 | E80: 100 ml | F80: 0 | G80: 220000 | I80: =IF(AND(G80>0,H80>0),ROUND((1-H80/G80)*100,0),0) -> 0 | J80: TRUE | K80: 1
A81: 13980 | B81: 4794 | C81: =IF(B81<>"",IFERROR(VLOOKUP(B81,'📦 Productos'!A:C,3,FALSE),""),"") -> KENZO L EAU PURE AMBRE EDP | D81: 3274872511934 | E81: 30 ml | F81: 0 | G81: 108000 | I81: =IF(AND(G81>0,H81>0),ROUND((1-H81/G81)*100,0),0) -> 0 | J81: TRUE | K81: 1
A82: 13981 | B82: 4794 | C82: =IF(B82<>"",IFERROR(VLOOKUP(B82,'📦 Productos'!A:C,3,FALSE),""),"") -> KENZO L EAU PURE AMBRE EDP | D82: 3274872511941 | E82: 50 ml | F82: 0 | G82: 160000 | I82: =IF(AND(G82>0,H82>0),ROUND((1-H82/G82)*100,0),0) -> 0 | J82: TRUE | K82: 1
A83: 13982 | B83: 4795 | C83: =IF(B83<>"",IFERROR(VLOOKUP(B83,'📦 Productos'!A:C,3,FALSE),""),"") -> KENZO L EAU PURE EDP | D83: 3274872480643 | E83: 100 ml | F83: 0 | G83: 222000 | I83: =IF(AND(G83>0,H83>0),ROUND((1-H83/G83)*100,0),0) -> 0 | J83: TRUE | K83: 1
A84: 13983 | B84: 4795 | C84: =IF(B84<>"",IFERROR(VLOOKUP(B84,'📦 Productos'!A:C,3,FALSE),""),"") -> KENZO L EAU PURE EDP | D84: 3274872480629 | E84: 30 ml | F84: 0 | G84: 108000 | I84: =IF(AND(G84>0,H84>0),ROUND((1-H84/G84)*100,0),0) -> 0 | J84: TRUE | K84: 1
A85: 13984 | B85: 4795 | C85: =IF(B85<>"",IFERROR(VLOOKUP(B85,'📦 Productos'!A:C,3,FALSE),""),"") -> KENZO L EAU PURE EDP | D85: 3274872480636 | E85: 50 ml | F85: 0 | G85: 160000 | I85: =IF(AND(G85>0,H85>0),ROUND((1-H85/G85)*100,0),0) -> 0 | J85: TRUE | K85: 1
A86: 13985 | B86: 4796 | C86: =IF(B86<>"",IFERROR(VLOOKUP(B86,'📦 Productos'!A:C,3,FALSE),""),"") -> KENZO L EAU PURE EDP X 50 ml + EDT | D86: 3274872505438 | E86: 10ml | F86: 0 | G86: 160000 | I86: =IF(AND(G86>0,H86>0),ROUND((1-H86/G86)*100,0),0) -> 0 | J86: TRUE | K86: 1
A87: 13986 | B87: 4797 | C87: =IF(B87<>"",IFERROR(VLOOKUP(B87,'📦 Productos'!A:C,3,FALSE),""),"") -> KENZO L EAU HOMME GLACEE EDT | D87: 3274872473874 | E87: 50 ml | F87: 0 | G87: 136600 | H87: 95620 | I87: =IF(AND(G87>0,H87>0),ROUND((1-H87/G87)*100,0),0) -> 30 | J87: TRUE | K87: 1
A88: 13987 | B88: 4798 | C88: =IF(B88<>"",IFERROR(VLOOKUP(B88,'📦 Productos'!A:C,3,FALSE),""),"") -> KENZO L EAU FEMME GLACEE EDT | D88: 3274872473867 | E88: 50 ml | F88: 0 | G88: 136600 | H88: 95620 | I88: =IF(AND(G88>0,H88>0),ROUND((1-H88/G88)*100,0),0) -> 30 | J88: TRUE | K88: 1
A89: 13989 | B89: 4800 | C89: =IF(B89<>"",IFERROR(VLOOKUP(B89,'📦 Productos'!A:C,3,FALSE),""),"") -> CUTEX BASE PROTECTORA DE UÑAS | D89: 7790416011167 | F89: 0 | G89: 5500 | H89: 2750 | I89: =IF(AND(G89>0,H89>0),ROUND((1-H89/G89)*100,0),0) -> 50 | J89: TRUE | K89: 1
A90: 13990 | B90: 4801 | C90: =IF(B90<>"",IFERROR(VLOOKUP(B90,'📦 Productos'!A:C,3,FALSE),""),"") -> CUTEX BASE TOP COAT PARA UÑAS | D90: 7790416019897 | F90: 0 | G90: 5500 | H90: 3850 | I90: =IF(AND(G90>0,H90>0),ROUND((1-H90/G90)*100,0),0) -> 30 | J90: TRUE | K90: 1
A91: 13991 | B91: 4802 | C91: =IF(B91<>"",IFERROR(VLOOKUP(B91,'📦 Productos'!A:C,3,FALSE),""),"") -> CUTEX CALCIO PARA UÑAS ROSA 001 | D91: 7790416011792 | F91: 0 | G91: 5500 | H91: 2750 | I91: =IF(AND(G91>0,H91>0),ROUND((1-H91/G91)*100,0),0) -> 50 | J91: TRUE | K91: 1
A92: 13992 | B92: 4803 | C92: =IF(B92<>"",IFERROR(VLOOKUP(B92,'📦 Productos'!A:C,3,FALSE),""),"") -> CUTEX CAPA PROTECTORA BRILLO MAXIMO | D92: 7790416016278 | F92: 0 | G92: 5500 | H92: 3850 | I92: =IF(AND(G92>0,H92>0),ROUND((1-H92/G92)*100,0),0) -> 30 | J92: TRUE | K92: 1
A93: 13993 | B93: 4804 | C93: =IF(B93<>"",IFERROR(VLOOKUP(B93,'📦 Productos'!A:C,3,FALSE),""),"") -> CUTEX ESMALTE DUO PACK | D93: 7790416027236 | F93: 0 | G93: 10500 | H93: 7350 | I93: =IF(AND(G93>0,H93>0),ROUND((1-H93/G93)*100,0),0) -> 30 | J93: TRUE | K93: 1
A94: 13994 | B94: 4804 | C94: =IF(B94<>"",IFERROR(VLOOKUP(B94,'📦 Productos'!A:C,3,FALSE),""),"") -> CUTEX ESMALTE DUO PACK | D94: 7790416020725 | F94: 0 | G94: 10500 | H94: 5250 | I94: =IF(AND(G94>0,H94>0),ROUND((1-H94/G94)*100,0),0) -> 50 | J94: TRUE | K94: 1
A95: 13995 | B95: 4804 | C95: =IF(B95<>"",IFERROR(VLOOKUP(B95,'📦 Productos'!A:C,3,FALSE),""),"") -> CUTEX ESMALTE DUO PACK | D95: 7790416020718 | F95: 0 | G95: 10500 | H95: 5250 | I95: =IF(AND(G95>0,H95>0),ROUND((1-H95/G95)*100,0),0) -> 50 | J95: TRUE | K95: 1
A96: 13996 | B96: 4804 | C96: =IF(B96<>"",IFERROR(VLOOKUP(B96,'📦 Productos'!A:C,3,FALSE),""),"") -> CUTEX ESMALTE DUO PACK | D96: 7790416020763 | F96: 0 | G96: 10500 | H96: 5250 | I96: =IF(AND(G96>0,H96>0),ROUND((1-H96/G96)*100,0),0) -> 50 | J96: TRUE | K96: 1
A97: 13997 | B97: 4804 | C97: =IF(B97<>"",IFERROR(VLOOKUP(B97,'📦 Productos'!A:C,3,FALSE),""),"") -> CUTEX ESMALTE DUO PACK | D97: 7790416021777 | F97: 0 | G97: 10500 | H97: 7350 | I97: =IF(AND(G97>0,H97>0),ROUND((1-H97/G97)*100,0),0) -> 30 | J97: TRUE | K97: 1
A98: 13998 | B98: 4804 | C98: =IF(B98<>"",IFERROR(VLOOKUP(B98,'📦 Productos'!A:C,3,FALSE),""),"") -> CUTEX ESMALTE DUO PACK | D98: 7790416021746 | F98: 0 | G98: 10500 | H98: 7350 | I98: =IF(AND(G98>0,H98>0),ROUND((1-H98/G98)*100,0),0) -> 30 | J98: TRUE | K98: 1
A99: 13999 | B99: 4804 | C99: =IF(B99<>"",IFERROR(VLOOKUP(B99,'📦 Productos'!A:C,3,FALSE),""),"") -> CUTEX ESMALTE DUO PACK | D99: 7790416021753 | F99: 0 | G99: 10500 | H99: 7350 | I99: =IF(AND(G99>0,H99>0),ROUND((1-H99/G99)*100,0),0) -> 30 | J99: TRUE | K99: 1
A100: 14000 | B100: 4804 | C100: =IF(B100<>"",IFERROR(VLOOKUP(B100,'📦 Productos'!A:C,3,FALSE),""),"") -> CUTEX ESMALTE DUO PACK | D100: 7790416021760 | F100: 0 | G100: 10500 | H100: 7350 | I100: =IF(AND(G100>0,H100>0),ROUND((1-H100/G100)*100,0),0) -> 30 | J100: TRUE | K100: 1
...
